,國立臺灣大學學生會預算書,,,,,,,,,,,,,,,,,,,,,,,,,,
,<104學年度第1會期預算案>,,,,,,,,,,,,,,,,,,,,,,,,,,
,壹、綜計表,,,,,,,,,,,,,,,,,,,,,,,,,,
,部門名稱,單位名稱,,預算收入總計,預算支出總計,實際收入總計,實際支出總計,結餘,,,,,,,,,,,,,,,,,,,
,行政部門,會長,,919250,1343503,737000,704442,32558,,,,,,,,,,,,,,,,,,,
,,秘書部,,0,122748,0,68608.600000000006,-68608.600000000006,,,,,,,,,,,,,,,,,,,
,,新聞部,,0,153115.78947368421,0,106405,-106405,,,,,,,,,,,,,,,,,,,
,,活動部,,232000,408091,220580,266371,-45791,,,,,,,,,,,,,,,,,,,
,,學術部,,0,173837,0,80770,-80770,,,,,,,,,,,,,,,,,,,
,,福利部,,0,5700,0,4850,-4850,,,,,,,,,,,,,,,,,,,
,,文化部,,169800,486389,169800,348297,-178497,,,,,,,,,,,,,,,,,,,
,,公關部,,400000,361200,202056,136598,65458,,,,,,,,,,,,,,,,,,,
,,財務部,,1872,4700,1872,2800,-928,,,,,,,,,,,,,,,,,,,
,,法制部,,50000,4225,0,4000,-4000,,,,,,,,,,,,,,,,,,,
,,選舉罷免執行委員會,,50000,263705,0,231749,-231749,,,,,,,,,,,,,,,,,,,
,,（前期餘額）,,1124804,,1124804,,1124804,,,,,,,,,,,,,,,,,,,
,,（經常收入）,,1834905,,1834905,,1834905,,,,,,,,,,,,,,,,,,,
,,（補助統籌收入）,,24000,,24000,,24000,,,,,,,,,,,,,,,,,,,
,小計,,,4806631,3343513.7894736845,4315017,1954890.6,2360126.4,,,,,,,,,,,,,,,,,,,
,立法部門,學生代表大會,,329864,335560,327536,135008,192528,,,,,,,,,,,,,,,,,,,
,司法部門,學生法院,,0,18228,0,5520,-5520,,,,,,,,,,,,,,,,,,,
,學生會三部門總預算,,,5136495,3697301.7894736845,4642553,2095418.6,2547134.4,,,,,,,,,,,,,,,,,,,
,前期餘額,,,,,,,1124804,,,,,,,,,,,,,,,,,,,
,本期淨收益,,,,,,,1235322.3999999999,,,,,,,,,,,,,,,,,,,
,貳、主要表,,,,,,,,,,,,,,,,,,,,,,,,,,
,一、期間收入,,,,,,,,,,,,,,,,,,,,,,,,,,
,立法部門收入,,,,,,,,,,,,,,,,,,,,,,,,,,
,期入科目,收入來源,預算金額(元),百分比(%),決算金額,執行率(%),備註說明,,,,,,,,,,,,,,,,,,,,
,前期餘額,前期餘額,59096,0.17915262047389227,59096,1,"103-2展延款項金額145,000，扣除至20150928所實際支出金額85904之帳戶餘額。",,,,,,,,,,,,,,,,,,,,
,小計,,59096,0.17915262047389227,59096,1,,,,,,,,,,,,,,,,,,,,,
,經常收入,104-1學校通常補助,20000,6.0631047947032717E-2,17672,0.88360000000000005,"104-1會期定期大會校方補助款，共舉辦八次，每次約2,500元。",,,,,,,,,,,,,,,,,,,,
,,會費撥入,190560,0.57769262483932771,190560,1,行政部門會費撥入款項。,,,,,,,,,,,,,,,,,,,,
,小計,,210560,0.63832367278636049,208232,0.98894376899696046,,,,,,,,,,,,,,,,,,,,,
,增加收入,利息,208,5.9999999999999995E-4,208,1,,,,,,,,,,,,,,,,,,,,,
,,學代會網站退款,60000,0.18340000000000001,60000,1,,,,,,,,,,,,,,,,,,,,,
,小計,,60208,0.1825237067397473,60208,1,,,,,,,,,,,,,,,,,,,,,
,104-1收入總計,,329864,1,327536,0.99294254601896537,,,,,,,,,,,,,,,,,,,,,
,立法部門收入總計,,329864,1,327536,0.99294254601896537,,,,,,,,,,,,,,,,,,,,,
,司法部門收入,,,,,,,,,,,,,,,,,,,,,,,,,,
,期入科目,收入來源,預算金額(元),百分比(%),決算金額,執行率(%),備註說明,,,,,,,,,,,,,,,,,,,,
,,,0,,,,,,,,,,,,,,,,,,,,,,,,
,司法部門收入總計,,0,,,,,,,,,,,,,,,,,,,,,,,,
,行政部門收入,,,,,,,,,,,,,,,,,,,,,,,,,,
,103-2預算展延收入,,,,,,,,,,,,,,,,,,,,,,,,,,
,期入科目,收入來源,預算金額(元),百分比(%),決算金額,執行率(%),備註說明,,,,,,,,,,,,,,,,,,,,
,贊助收入,校友捐款,400000,8.4734434866864203E-2,400000,1,,,,,,,,,,,,,,,,,,,,,
,補助收入,學務處補助,100000,2.1183608716716051E-2,0,0,,,,,,,,,,,,,,,,,,,,,
,報名費收入,論壇報名費,60000,1.271016523002963E-2,0,0,,,,,,,,,,,,,,,,,,,,,
,103-2預算展延收入總計,,560000,0.11862820881360987,400000,0.7142857142857143,,,,,,,,,,,,,,,,,,,,,
,104-1預算,,,,,,,,,,,,,,,,,,,,,,,,,,
,期入科目,收入來源,預算金額(元),百分比(%),決算金額,執行率(%),備註說明,,,,,,,,,,,,,,,,,,,,
,前期餘額,,1124804,0.23827407818997079,1124804,1,,,,,,,,,,,,,,,,,,,,,
,經常收入,學生會費,1834905,0.3886990955234586,1834905,1,,,,,,,,,,,,,,,,,,,,,
,校友捐款,會長,250000,5.2959021791790122E-2,250000,1,,,,,,,,,,,,,,,,,,,,,
,統籌補助款,會長,15000,3.1775413075074074E-3,24000,1.6,,,,,,,,,,,,,,,,,,,,,
,小計,,3224709,0.68310973681272691,3233709,1.0027909495089324,,,,,,,,,,,,,,,,,,,,,
,期入科目,摘要,預算金額(元),百分比(%),決算金額,執行率(%),備註說明,,,,,,,,,,,,,,,,,,,,
,販售收入,公關部,400000,8.4734434866864203E-2,202056,0.50514000000000003,"校慶紀念品：單價400*數量1,000",,,,,,,,,,,,,,,,,,,,
,攤位報名,文化部,0,0,12000,0,開放攤商進駐，每攤收取1000，共12家,,,,,,,,,,,,,,,,,,,,
,門票收入,文化部,29700,6.2915317888646667E-3,29700,1,電影節兩場神祕場門票收入，每張100，共售出297張,,,,,,,,,,,,,,,,,,,,
,,文化部,48100,1.0189315792740419E-2,48100,1,學生活動中心補助,,,,,,,,,,,,,,,,,,,,
,學校補助收入,文化部,80000,1.6946886973372838E-2,80000,1,課外活動組補助,,,,,,,,,,,,,,,,,,,,
,服務收入,燈光音響服務小組,50000,1.0591804358358025E-2,77650,1.5529999999999999,校內活動之器材租借（決算時列整學期各場租借金額細項）,,,,,,,,,,,,,,,,,,,,
,門票收入,活動部,40000,8.4734434866864192E-3,19160,0.47899999999999998,聖誕野餐活動,,,,,,,,,,,,,,,,,,,,
,禮物材料費,活動部,9000,1.9065247845044444E-3,390,4.3333333333333335E-2,聖誕野餐活動,,,,,,,,,,,,,,,,,,,,
,報名費,台大大富翁,133000,2.8174199593232346E-2,123380,0.92766917293233087,,,,,,,,,,,,,,,,,,,,,
,利息收入,財務部,1872,3.9655715517692444E-4,1872,1,,,,,,,,,,,,,,,,,,,,,
,學校補助收入,選舉罷免執行委員會,50000,1.0591804358358025E-2,50000,1,,,,,,,,,,,,,,,,,,,,,
,小計,,841672,0.17829650315815831,592436,0.7038798962065983,,,,,,,,,,,,,,,,,,,,,
,104-1收入總計,,4066381,0.86140623997088528,4226145,1.0392889893986816,,,,,,,,,,,,,,,,,,,,,
,104-1校慶追加預算,,,,,,,,,,,,,,,,,,,,,,,,,,
,校慶活動：彩繪椰林、臺大之夜,露營帳棚收入,48000,1.0168132184023704E-2,46800,0.97499999999999998,每人150元，預計共 320人次。,,,,,,,,,,,,,,,,,,,,
,,早餐收入,15000,3.1775413075074074E-3,13550,0.90333333333333332,每人50元，預計300人次。,,,,,,,,,,,,,,,,,,,,
,,明信片收入,5000,1.0591804358358024E-3,0,0,每張10元，預計500張。,,,,,,,,,,,,,,,,,,,,
,,飲食收入,26250,5.560697288137963E-3,2650,0.10095238095238095,視天氣準備：爆米花每頂帳篷100元無限取用，預計60份；飲料每杯20元，預計300份；燒仙草每份40元，預計100份；雞蛋糕每份30元，預計200份；紅豆湯圓每碗55元，預計50份；棉花糖每份30元，預計50份。,,,,,,,,,,,,,,,,,,,,
,小計,,94250,1.9965551215504876E-2,63000,0.66843501326259946,,,,,,,,,,,,,,,,,,,,,
,104-1校慶追加預算收入總計,,94250,1.9965551215504876E-2,63000,0.66843501326259946,,,,,,,,,,,,,,,,,,,,,
,行政部門收入總計,,4720631,0.93468679802672805,4689145,0.99333012895945483,,,,,,,,,,,,,,,,,,,,,
,收入總計,,5050495,1,5016681,0.99330481467658116,,,,,,,,,,,,,,,,,,,,,
,二、期間支出,,,,,,,,,,,,,,,,,,,,,,,,,,
,立法部門支出,,,,,,,,,,,,,,,,,,,,,,,,,,
,103-2預算展延,,,,,,,,,,,,,,,,,,,,,,,,,,
,期出科目,摘要,預算金額(元),百分比(%),決算金額,執行率(%),備註說明,,,,,,,,,,,,,,,,,,,,
,應付款項,學生代表大會,145000,0.43211348194063653,,0,會議記錄製作費、法規彙編、幹部訓練、大會誤餐費、委員會茶水費,,,,,,,,,,,,,,,,,,,,
,103-2預算展延支出總計,,145000,,,0,,,,,,,,,,,,,,,,,,,,,
,104-1預算,,,,,,,,,,,,,,,,,,,,,,,,,,
,期出科目,摘要,預算金額(元),百分比(%),決算金額,執行率(%),備註說明,,,,,,,,,,,,,,,,,,,,
,業務費用,聯絡費,6000,1.7880557873405652E-2,6000,1,議長3000元，秘書處3000元，秘書處運用此款項通知各委員會及常會。,,,,,,,,,,,,,,,,,,,,
,,法規彙編校對費,1250,3.7251162236261771E-3,0,0,估計約250頁，一頁5元。,,,,,,,,,,,,,,,,,,,,
,,文書影印費,1500,4.4701394683514129E-3,283,0.18866666666666668,秘書處各項文件及公文，大會各項資料影印影印。,,,,,,,,,,,,,,,,,,,,
,,辦公室設備及維護費,1500,4.4701394683514129E-3,701,0.46733333333333332,行政工作所需之各項文具或設備，如紙筆、文具夾、印台、隨身碟、電池等等。,,,,,,,,,,,,,,,,,,,,
,,定期大會場地費,4900,1.4602455596614614E-2,4040,0.82448979591836735,借用活大以外教室場地費與場地設備費，以新生大樓教室借用費預估之。大教室620元、中教室380元，暫定共借用11次，前者估3次後者估8次。,,,,,,,,,,,,,,,,,,,,
,,會議記錄製作費,46200,0.13768029562522352,16380,0.35454545454545455,逐字稿製作每小時1200元，每次會議時間長約3.5小時，暫定11次會議（定期大會8次、加上104-1會期預備會議、預留特別大會2次，共11次會議）。,,,,,,,,,,,,,,,,,,,,
,,大會誤餐費,69520,0.20717606389319346,12880,0.1852704257767549,80元/人，計報到代表75人、秘書處跟會4人，共79人，暫訂11次會議。,,,,,,,,,,,,,,,,,,,,
,,委員會茶水費,24000,7.1522231493622607E-2,4320,0.18,40元/人，10個委員會，個別委員會成員數平均約10人、秘書處跟會2人，共12人，估計每委員會平均開5次會。,,,,,,,,,,,,,,,,,,,,
,,法規彙編影印費,15300,4.5595422577184408E-2,1720,0.11241830065359477,104-1會期法規彙編；每本印製費170元，印送學代會、行政部門及法院，並分送學校各級處室，另加留存建檔用，共計90本。,,,,,,,,,,,,,,,,,,,,
,,幹部訓練,8000,2.3840743831207534E-2,0,0,寒假104-2新任學代培力營(於104-2會期執行)。,,,,,,,,,,,,,,,,,,,,
,,證書製作費,1760,5.2449636428656575E-3,620,0.35227272727272729,一份約20元，共75位學代，13位秘書。,,,,,,,,,,,,,,,,,,,,
,小計,,179930,0.5362081296936464,46944,0.26090146167954203,,,,,,,,,,,,,,,,,,,,,
,預備金,,8000,2.3840743831207534E-2,0,0,,,,,,,,,,,,,,,,,,,,,
,104-1立法部門支出總計,,187930,0.560048873524854,46944,0.24979513648698984,,,,,,,,,,,,,,,,,,,,,
,學生自治組織運作股,影印費,300,8.9402789367028256E-4,0,0,,,,,,,,,,,,,,,,,,,,,
,,茶水費,1600,4.7681487662415067E-3,1560,0.97499999999999998,,,,,,,,,,,,,,,,,,,,,
,校園議題研討股,聯絡費,300,8.9402789367028256E-4,300,1,,,,,,,,,,,,,,,,,,,,,
,資訊傳播股,聯絡費,300,8.9402789367028256E-4,300,1,,,,,,,,,,,,,,,,,,,,,
,小計,,2500,7.4502324472523543E-3,2160,0.86399999999999999,,,,,,,,,,,,,,,,,,,,,
,預備金,,130,3.8741208725712244E-4,0,0,,,,,,,,,,,,,,,,,,,,,
,追加支出預算總計,,2630,7.8376445345094761E-3,2160,0.82129277566539927,,,,,,,,,,,,,,,,,,,,,
,立法部門支出總計,,335560,1,46944,0.13989748480152581,,,,,,,,,,,,,,,,,,,,,
,司法部門支出,,,,,,,,,,,,,,,,,,,,,,,,,,
,104-1預算,,,,,,,,,,,,,,,,,,,,,,,,,,
,期出科目,摘要,預算金額(元),百分比(%),決算金額,執行率(%),備註說明,,,,,,,,,,,,,,,,,,,,
,業務支出,學生法院,17360,0.95238095238095233,5520,0.31797235023041476,,,,,,,,,,,,,,,,,,,,,
,預備金,,868,4.7619047619047616E-2,0,0,,,,,,,,,,,,,,,,,,,,,
,104-1司法部門支出總計,,18228,1,5520,0.30283080974325216,,,,,,,,,,,,,,,,,,,,,
,司法部門支出總計,,18228,1,5520,0.30283080974325216,,,,,,,,,,,,,,,,,,,,,
,行政部門支出,,,,,,,,,,,,,,,,,,,,,,,,,,
,103-2預算展延,,,,,,,,,,,,,,,,,,,,,,,,,,
,期出科目,摘要,預算金額(元),百分比(%),決算金額,執行率(%),備註說明,,,,,,,,,,,,,,,,,,,,
,計畫支出,會長,531058,0.15961042289500896,0,0,好國好民青年政策論壇,,,,,,,,,,,,,,,,,,,,
,,秘書部,4458,1.339859799242173E-3,0,0,培力手冊,,,,,,,,,,,,,,,,,,,,
,,秘書部,8000,2.4044141754009387E-3,0,0,餐費,,,,,,,,,,,,,,,,,,,,
,,活動部,11361,3.4145686808412577E-3,11361,1,春季紀念品,,,,,,,,,,,,,,,,,,,,
,業務支出,秘書部,7000,2.1038624034758211E-3,2222.4,0.31748571428571432,網域續約費用,,,,,,,,,,,,,,,,,,,,
,,公關部,15000,4.5082765788767602E-3,0,0,公關費,,,,,,,,,,,,,,,,,,,,
,小計,,576877,0.1733814045328459,13583.4,2.3546440575720647E-2,,,,,,,,,,,,,,,,,,,,,
,103-2預算展延支出總計,,576877,0.1733814045328459,13583.4,2.3546440575720647E-2,,,,,,,,,,,,,,,,,,,,,
,103暑期特別預算,,,,,,,,,,,,,,,,,,,,,,,,,,
,期出科目,摘要,預算金額(元),百分比(%),決算金額,執行率(%),備註說明,,,,,,,,,,,,,,,,,,,,
,業務支出,秘書部,5800,1.7432002771656805E-3,1108.48,0.19111724137931035,,,,,,,,,,,,,,,,,,,,,
,計畫支出,會長,4300,1.2923726192780045E-3,3036,0.70604651162790699,交接典禮,,,,,,,,,,,,,,,,,,,,
,,,16100,4.8388835279943891E-3,4760,0.29565217391304349,招募暨招募說明會,,,,,,,,,,,,,,,,,,,,
,,,22150,6.6572217481413488E-3,13311,0.60094808126410837,秋季培力,,,,,,,,,,,,,,,,,,,,
,預備金,會長,2410,7.2432977033953273E-4,0,0,,,,,,,,,,,,,,,,,,,,,
,103暑期特別預算支出總計,,50760,1.5256007942918955E-2,22215.48,0.43765721040189126,,,,,,,,,,,,,,,,,,,,,
,104-1預算,,,,,,,,,,,,,,,,,,,,,,,,,,
,期出科目,摘要,預算金額(元),百分比(%),決算金額,執行率(%),備註說明,,,,,,,,,,,,,,,,,,,,
,業務支出,會長,10000,3.005517719251173E-3,9057,0.90569999999999995,,,,,,,,,,,,,,,,,,,,,
,,秘書部,68390,2.0554735681958775E-2,53475.72,0.78192308817078526,,,,,,,,,,,,,,,,,,,,,
,,新聞部,7000,2.1038624034758211E-3,5130,0.73285714285714287,聯絡、公關費,,,,,,,,,,,,,,,,,,,,
,,活動部,2200,6.6121389823525811E-4,2200,1,燈音小組講座茶點及場地費,,,,,,,,,,,,,,,,,,,,
,,,6000,1.8033106315507039E-3,4650,0.77500000000000002,維持活動部日常業務支出,,,,,,,,,,,,,,,,,,,,
,,學術部,4000,1.2022070877004693E-3,4000,1,聯絡費,,,,,,,,,,,,,,,,,,,,
,,福利部,5450,1.6380071569918895E-3,4850,0.88990825688073394,,,,,,,,,,,,,,,,,,,,,
,,文化部,5200,1.5628692140106102E-3,4000,0.76923076923076927,,,,,,,,,,,,,,,,,,,,,
,,公關部,27200,8.1750081963631906E-3,9457,0.34768382352941174,,,,,,,,,,,,,,,,,,,,,
,,財務部,4500,1.3524829736630279E-3,2800,0.62222222222222223,,,,,,,,,,,,,,,,,,,,,
,,法制部,4150,1.2472898534892369E-3,4000,0.96385542168674698,,,,,,,,,,,,,,,,,,,,,
,,選舉罷免執行委員會,7100,2.1339175806683328E-3,6212,0.87492957746478872,,,,,,,,,,,,,,,,,,,,,
,小計,,151190,4.5440422397358488E-2,109831.72,0.72644831007341759,,,,,,,,,,,,,,,,,,,,,
,期出科目,摘要,預算金額(元),百分比(%),決算金額,執行率(%),備註說明,,,,,,,,,,,,,,,,,,,,
,計畫支出,會長,400000,0.12022070877004692,400000,1,歸還好國好民贊助費用,,,,,,,,,,,,,,,,,,,,
,,,190560,5.7273145658050355E-2,190560,1,撥款給學代會,,,,,,,,,,,,,,,,,,,,
,,,6700,2.0136968718982859E-3,0,0,舉辦公聽會,,,,,,,,,,,,,,,,,,,,
,,秘書部,10900,3.2760143139837789E-3,10052,0.92220183486238527,期中全會活動,,,,,,,,,,,,,,,,,,,,
,,,11200,3.3661798455613141E-3,0,0,期末全會活動,,,,,,,,,,,,,,,,,,,,
,,公關部,17000,5.1093801227269945E-3,13080,0.76941176470588235,學生會會卡,,,,,,,,,,,,,,,,,,,,
,,,299000,8.9864979805610076E-2,113011,0.37796321070234112,校慶紀念品,,,,,,,,,,,,,,,,,,,,
,,,2000,6.0110354385023467E-4,1050,0.52500000000000002,民主列車,,,,,,,,,,,,,,,,,,,,
,,活動部,190350,5.7210029785946082E-2,117779,0.61874967165747308,台大大富翁,,,,,,,,,,,,,,,,,,,,
,,,90800,2.7290100890800653E-2,63546,0.6998458149779736,聖誕野餐,,,,,,,,,,,,,,,,,,,,
,,新聞部,30600,9.1968842209085907E-3,30600,1,《花火時代》雜誌,,,,,,,,,,,,,,,,,,,,
,,,48750,1.4651898881349469E-2,48750,1,,,,,,,,,,,,,,,,,,,,,
,,,2400,7.2132425262028154E-4,1800,0.75,,,,,,,,,,,,,,,,,,,,,
,,,1500,4.5082765788767598E-4,550,0.36666666666666664,,,,,,,,,,,,,,,,,,,,,
,,,1000,3.0055177192511734E-4,230,0.23,,,,,,,,,,,,,,,,,,,,,
,,,12000,3.6066212631014078E-3,0,0,花火網站媒體平台暨粉絲專頁,,,,,,,,,,,,,,,,,,,,
,,,7800,2.3443038210159152E-3,1800,0.23076923076923078,,,,,,,,,,,,,,,,,,,,,
,,,7200,2.1639727578608445E-3,2400,0.33333333333333331,,,,,,,,,,,,,,,,,,,,,
,,,500,1.5027588596255867E-4,0,0,,,,,,,,,,,,,,,,,,,,,
,,,3200,9.6176567016037539E-4,3200,1,花火大講堂,,,,,,,,,,,,,,,,,,,,
,,,760,2.2841934666308915E-4,760,1,,,,,,,,,,,,,,,,,,,,,
,,,500,1.5027588596255867E-4,60,0.12,,,,,,,,,,,,,,,,,,,,,
,,,10125,3.0430866907418127E-3,10125,1,《花火專刊》報紙,,,,,,,,,,,,,,,,,,,,
,,,10125,3.0430866907418127E-3,0,0,,,,,,,,,,,,,,,,,,,,,
,,,2000,6.0110354385023467E-4,1000,0.5,,,,,,,,,,,,,,,,,,,,,
,,選舉罷免執行委員會,44170,1.3275371765932431E-2,35599,0.80595426760244515,選舉行銷,,,,,,,,,,,,,,,,,,,,
,,,117615,3.5349396654972672E-2,114968,0.97749436721506611,選舉辦理,,,,,,,,,,,,,,,,,,,,
,,,82320,2.4741421864875657E-2,74970,0.9107142857142857,電子投票,,,,,,,,,,,,,,,,,,,,
,,學術部,1000,3.0055177192511734E-4,0,0,校史工作坊,,,,,,,,,,,,,,,,,,,,
,,,4000,1.2022070877004693E-3,0,0,校園空間工作坊,,,,,,,,,,,,,,,,,,,,
,,,13500,4.0574489209890836E-3,12040,0.8918518518518519,性別工作坊—翻轉性別月,,,,,,,,,,,,,,,,,,,,
,,,13200,3.9672833894115484E-3,700,5.3030303030303032E-2,性別工作坊—性別友善健檢,,,,,,,,,,,,,,,,,,,,
,,,38295,1.1509630105872368E-2,29814,0.77853505679592638,性別工作坊—愛滋月,,,,,,,,,,,,,,,,,,,,
,,,32350,9.7228498217775457E-3,14416,0.44562596599690879,深夜食堂,,,,,,,,,,,,,,,,,,,,
,,,36100,1.0849918966496735E-2,15560,0.43102493074792242,教育政策工作坊,,,,,,,,,,,,,,,,,,,,
,,,13000,3.907173035026525E-3,2500,0.19230769230769232,刮亮台大,,,,,,,,,,,,,,,,,,,,
,,,10100,3.0355728964436847E-3,0,0,客廳計畫,,,,,,,,,,,,,,,,,,,,
,,文化部,4500,1.3524829736630279E-3,0,0,活大藝廊,,,,,,,,,,,,,,,,,,,,
,,,6280,1.8874651276897367E-3,0,0,光合作用,,,,,,,,,,,,,,,,,,,,
,,,334600,0.10056462288614426,271203,0.81052898983861332,電影節,,,,,,,,,,,,,,,,,,,,
,,,114200,3.4323012353848395E-2,70975,0.62149737302977237,我就尬藝你市集,,,,,,,,,,,,,,,,,,,,
,小計,,2222200,0.66788614757199571,1653098,0.74390153901539013,,,,,,,,,,,,,,,,,,,,,
,資本支出,活動部,89380,2.6863317374666986E-2,64810,0.72510628776012531,燈音小組設備採購及維修,,,,,,,,,,,,,,,,,,,,
,,秘書部,2500,7.5137942981279326E-4,1750,0.7,會辦設備印表機添購,,,,,,,,,,,,,,,,,,,,
,小計,,91880,2.7614696804479779E-2,66560,0.72442316064431866,,,,,,,,,,,,,,,,,,,,,
,預備金,會長,835,2.5096072955747297E-4,0,0,,,,,,,,,,,,,,,,,,,,,
,,秘書部,4500,1.3524829736630279E-3,709,0.15755555555555556,,,,,,,,,,,,,,,,,,,,,
,,新聞部,7655.7894736842109,2.3009610918014508E-3,0,0,,,,,,,,,,,,,,,,,,,,,
,,活動部,18000,5.4099318946521117E-3,2025,0.1125,,,,,,,,,,,,,,,,,,,,,
,,學術部,8292,2.4921752928030727E-3,1740,0.20984081041968161,,,,,,,,,,,,,,,,,,,,,
,,福利部,250,7.5137942981279334E-5,0,0,,,,,,,,,,,,,,,,,,,,,
,,文化部,21609,6.4946232395298601E-3,2119,9.8060993104724881E-2,,,,,,,,,,,,,,,,,,,,,
,,公關部,1000,3.0055177192511734E-4,0,0,,,,,,,,,,,,,,,,,,,,,
,,財務部,200,6.0110354385023462E-5,0,0,,,,,,,,,,,,,,,,,,,,,
,,法制部,75,2.2541382894383798E-5,0,0,,,,,,,,,,,,,,,,,,,,,
,,選舉罷免執行委員會,12500,3.7568971490639664E-3,0,0,,,,,,,,,,,,,,,,,,,,,
,小計,,74916.789473684214,2.2516373823256768E-2,6593,8.8004305127302646E-2,,,,,,,,,,,,,,,,,,,,,
,104-1行政部門支出總計,,2540186.789473684,0.76345764059709065,1836082.72,0.72281405745773075,,,,,,,,,,,,,,,,,,,,,
,104-1校慶追加預算,,,,,,,,,,,,,,,,,,,,,,,,,,
,期出科目,摘要,預算金額(元),百分比(%),決算金額,執行率(%),備註說明,,,,,,,,,,,,,,,,,,,,
,計畫支出,會長,151800,4.5623758978232808E-2,83718,0.55150197628458497,校慶活動：彩繪椰林、臺大之夜,,,,,,,,,,,,,,,,,,,,
,小計,,151800,4.5623758978232808E-2,83718,0.55150197628458497,,,,,,,,,,,,,,,,,,,,,
,預備金,會長,7590,2.2811879489116403E-3,0,0,,,,,,,,,,,,,,,,,,,,,
,小計,,7590,2.2811879489116403E-3,0,0,,,,,,,,,,,,,,,,,,,,,
,104-1校慶追加預算支出總計,,159390,4.7904946927144448E-2,83718,0.5252399774138905,,,,,,,,,,,,,,,,,,,,,
,行政部門支出總計,,3327213.789473684,0.90388812061659296,1955599.5999999999,0.58775892495605064,,,,,,,,,,,,,,,,,,,,,
,支出總計,,3681001.789473684,1,2008063.5999999999,0.54552095186216043,,,,,,,,,,,,,,,,,,,,,
,參、附屬表,,,,,,,,,,,,,,,,,,,,,,,,,,
,一、行政部門細項,,,,,,,,,,,,,,,,,,,,,,,,,,
,一、會長,,,,,,,,,,,,,,,,,,,,,,,,,,
,103-2暑期特別預算,,,,,,,,,,,,,,,,,,,,,,,,,,
,期出科目,摘要,預算金額(元),百分比(%),決算金額,執行率(%),備註說明,,,,,,,,,,,,,,,,,,,,
,交接典禮,印章刻印費,500,3.721614317199143E-4,200,0.4,印章(50元*4個),,,,,,,,,,,,,,,,,,,,
,,印刷輸出影印費,800,5.954582907518629E-4,656,0.82,交接證書印刷656元,,,,,,,,,,,,,,,,,,,,
,,茶點費,2500,1.8608071585995713E-3,2000,0.8,交接典禮茶點2000元,,,,,,,,,,,,,,,,,,,,
,,雜支,500,3.721614317199143E-4,180,0.36,交接典禮現場用途180元,,,,,,,,,,,,,,,,,,,,
,小計,,4300,3.2005883127912628E-3,3036,0.70604651162790699,,,,,,,,,,,,,,,,,,,,,
,招募暨招募說明會,招募宣傳片,10000,7.4432286343982853E-3,0,0,由會內同學無償拍攝。,,,,,,,,,,,,,,,,,,,,
,,場地租賃費,800,5.954582907518629E-4,760,0.95,新生場地費380*2場。,,,,,,,,,,,,,,,,,,,,
,,茶點費,4000,2.9772914537593144E-3,4000,1,茶點費2000*2場。,,,,,,,,,,,,,,,,,,,,
,,印刷輸出影印費,800,5.954582907518629E-4,0,0,使用課活組影印卡影印。,,,,,,,,,,,,,,,,,,,,
,,雜支,500,3.721614317199143E-4,0,0,,,,,,,,,,,,,,,,,,,,,
,小計,,16100,1.198359810138124E-2,4760,0.29565217391304349,,,,,,,,,,,,,,,,,,,,,
,秋季培力,場地租賃費,2100,1.5630780132236399E-3,0,0,後改於校外舉辦，並未使用場地費。,,,,,,,,,,,,,,,,,,,,
,,講師費,4800,3.5727497445111772E-3,0,0,更改培力形式，並未邀請講師。,,,,,,,,,,,,,,,,,,,,
,,餐費,12000,8.9318743612779427E-3,11214,0.9345,"披薩八個＋沙拉四盒＋玉米濃湯五杯$5426
雞肉捲五盒＋奶油餐包三袋$2132
果汁八瓶$656
點心、水果每盤500元 各3盤",,,,,,,,,,,,,,,,,,,,
,,培力手冊印刷費,2250,1.6747264427396144E-3,1617,0.71866666666666668,"工人手冊(8.5元*31份=264元)+活動手冊(8.5元*70份=595元)+裝訂(0.6元*6=3.6元)
每本25元*30本
注意事項單子1*4張",,,,,,,,,,,,,,,,,,,,
,,資料印刷影印費,500,3.721614317199143E-4,360,0.72,"培力資料印刷(2.4元*80份=192元)
簽到表2元*4份=$8 遊園地圖黑白2元*10份=$20 培力補充資料2元*70份=$140",,,,,,,,,,,,,,,,,,,,
,,雜支,500,3.721614317199143E-4,120,0.24,期初培力雜支停車費（40元＊3小時）,,,,,,,,,,,,,,,,,,,,
,預備金,,2410,1.7938181008899869E-3,0,0,,,,,,,,,,,,,,,,,,,,,
,小計,,24560,1.8280569526082188E-2,13311,0.54197882736156355,,,,,,,,,,,,,,,,,,,,,
,103-2暑期特別預算支出總計,,44960,3.3464755940254692E-2,21107,0.46946174377224198,,,,,,,,,,,,,,,,,,,,,
,103-2預算展延,,,,,,,,,,,,,,,,,,,,,,,,,,
,期間收入,,,,,,,,,,,,,,,,,,,,,,,,,,
,期入科目,收入來源,預算金額(元),百分比(%),決算金額,執行率(%),備註,,,,,,,,,,,,,,,,,,,,
,贊助收入,校友捐款,400000,0.43513734022300787,400000,1,"〖本預算將於暑假支出，因此全數展延〗
 傑出校友李湘偉捐款",,,,,,,,,,,,,,,,,,,,
,補助收入,學務處補助,100000,0.10878433505575197,0,0,"〖本預算將於暑假支出，因此全數展延〗
 學務處專案補助費用",,,,,,,,,,,,,,,,,,,,
,報名費收入,論壇報名費,60000,6.5270601033451184E-2,0,0,"〖本預算將於暑假支出，因此全數展延〗
 以最低報名費用150元X400人＝60,000元",,,,,,,,,,,,,,,,,,,,
,小計,,560000,0.60919227631221107,400000,0.7142857142857143,,,,,,,,,,,,,,,,,,,,,
,103-2預算展延收入總計,,560000,0.60919227631221107,400000,0.7142857142857143,,,,,,,,,,,,,,,,,,,,,
,期間支出,,,,,,,,,,,,,,,,,,,,,,,,,,
,期出科目,摘要,預算金額(元),百分比(%),決算金額,執行率(%),備註說明,,,,,,,,,,,,,,,,,,,,
,好國好民青年政策論壇,場地租借費,88750,6.6058654130284791E-2,0,0,"〖本預算將於暑假支出，因此全數展延〗
博雅101／102／203／205／312／圓桌區
（包含冷氣、投影設備及人事管理費)",,,,,,,,,,,,,,,,,,,,
,,場地佈置費,20000,1.4886457268796571E-2,0,0,"〖本預算將於暑假支出，因此全數展延〗
關東旗5面X200元=1,000元；大型帆布輸出1面3,000元；活動合成版4000元；Truss架出租2天含架設與拆除12,000元",,,,,,,,,,,,,,,,,,,,
,,論壇印刷品輸出,20460,1.5228845785978893E-2,0,0,"〖本預算將於暑假支出，因此全數展延〗
手冊500本X30元=15,000；名牌460個X1元=460元；活動參與證書400人X10元=4,000元；一般文件列印1,000元。",,,,,,,,,,,,,,,,,,,,
,,工作人員服裝,10800,8.0386869251501489E-3,0,0,"〖本預算將於暑假支出，因此全數展延〗
印製活動紀念工作服，180元X60人=10,800元",,,,,,,,,,,,,,,,,,,,
,,論壇識別證,6900,5.1358277577348175E-3,0,0,"〖本預算將於暑假支出，因此全數展延〗
工作人員60名、青年400名Ｘ15元=6,900元",,,,,,,,,,,,,,,,,,,,
,,論壇餐點,92000,6.8477703436464227E-2,0,0,"〖本預算將於暑假支出，因此全數展延〗
460人X100元X2天=92,000元",,,,,,,,,,,,,,,,,,,,
,,主筆工作費用,100000,7.4432286343982856E-2,0,0,"〖本預算將於暑假支出，因此全數展延〗
議題4個X25,000元=100,000元",,,,,,,,,,,,,,,,,,,,
,,與談講師費,12800,9.5273326520298064E-3,0,0,"〖本預算將於暑假支出，因此全數展延〗
1,600元X主線議題4個X講者各2名=12,800元",,,,,,,,,,,,,,,,,,,,
,,與談講師車馬費,4000,2.9772914537593144E-3,0,0,"〖本預算將於暑假支出，因此全數展延〗
遇外縣市講者實報實銷，每人補助上限500元",,,,,,,,,,,,,,,,,,,,
,,現場三機轉播,21680,1.6136919679375483E-2,0,0,"〖本預算將於暑假支出，因此全數展延〗
與臺灣藝術大學廣播電視學系合作，含兩台事務攝影機、線材、6名技術人員事前彩排及當天轉播，並於事後提供完整記錄光碟。",,,,,,,,,,,,,,,,,,,,
,,交流酒會樂團,12000,8.9318743612779427E-3,0,0,"〖本預算將於暑假支出，因此全數展延〗
預計請弦人樂團跟929（或黃玠、蕭賀碩等都在計畫邀約名單中）",,,,,,,,,,,,,,,,,,,,
,,交流酒會茶點,24000,1.7863748722555885E-2,0,0,"〖本預算將於暑假支出，因此全數展延〗
每人含飲料60元X400人（廠商預計Papago)",,,,,,,,,,,,,,,,,,,,
,,交流酒會廚師表演,20000,1.4886457268796571E-2,0,0,"〖本預算將於暑假支出，因此全數展延〗
食材費用50元X400人=20,000",,,,,,,,,,,,,,,,,,,,
,,網站架設,668,4.9720767277780552E-4,0,0,"〖本預算將於暑假支出，因此全數展延〗
去除廣告、可使用個人化網域、3GB免費雲端儲存空間、2GB免費加大頻寬。單月$10.95美元，匯率以30.5計，每月約334元。以活動6月底開始計，網站預計上線約2個月。334元x2月＝668元。",,,,,,,,,,,,,,,,,,,,
,,活動形象設計費,5000,3.7216143171991426E-3,0,0,"〖本預算將於暑假支出，因此全數展延〗
設計活動logo、海報、酷卡及各項輸出等",,,,,,,,,,,,,,,,,,,,
,,臉書宣傳費,3600,2.679562308383383E-3,0,0,"〖本預算將於暑假支出，因此全數展延〗
預計下廣告6則X每則600元＝3,600元",,,,,,,,,,,,,,,,,,,,
,,宣傳品印刷,2400,1.7863748722555886E-3,0,0,"〖本預算將於暑假支出，因此全數展延〗
酷卡款一2000張X0.9元＝1,800元；酷卡款二500張X1.2元＝600元",,,,,,,,,,,,,,,,,,,,
,,好厝好鄰展覽佈置,50000,3.7216143171991428E-2,0,0,"〖本預算將於暑假支出，因此全數展延〗
木材購買7,000+傢具搬運10,000+家具購買20,000+場地收拾費用10,000+雜支3,000",,,,,,,,,,,,,,,,,,,,
,,好農好食,27000,2.0096717312875371E-2,0,0,"〖本預算將於暑假支出，因此全數展延〗
食材費用9,000X3場=27,000",,,,,,,,,,,,,,,,,,,,
,,拍立得宣傳活動,8000,5.9545829075186288E-3,0,0,"〖本預算將於暑假支出，因此全數展延〗
4場X每場100張X每張20元＝8,000元",,,,,,,,,,,,,,,,,,,,
,,新聞採訪茶水費,1000,7.4432286343982859E-4,0,0,"〖本預算將於暑假支出，因此全數展延〗
訪問主筆、編輯團隊時之茶水費用",,,,,,,,,,,,,,,,,,,,
,103-2預算展延支出總計,,531058,0.39527861121262847,,,,,,,,,,,,,,,,,,,,,,,
,104-1預算,,,,,,,,,,,,,,,,,,,,,,,,,,
,期間收入,,,,,,,,,,,,,,,,,,,,,,,,,,
,期入科目,收入來源,預算金額(元),百分比(%),決算金額,執行率(%),備註說明,,,,,,,,,,,,,,,,,,,,
,補助收入,課活組補助,15000,1.6317650258362796E-2,24000,1.6,課活組統籌補助款,,,,,,,,,,,,,,,,,,,,
,校友贊助,校友捐款,250000,0.27196083763937995,250000,1,校友捐款國立臺灣大學學生會,,,,,,,,,,,,,,,,,,,,
,104-1收入總計,,265000,0.28827848789774274,274000,1.6,,,,,,,,,,,,,,,,,,,,,
,104-1校慶追加預算,,,,,,,,,,,,,,,,,,,,,,,,,,
,期入科目,收入來源,預算金額(元),百分比(%),決算金額,執行率(%),備註說明,,,,,,,,,,,,,,,,,,,,
,校慶活動：彩繪椰林、臺大之夜,露營帳棚收入,48000,5.2216480826760947E-2,46800,0.97499999999999998,夜宿共312人 x報名費150元＝46800,,,,,,,,,,,,,,,,,,,,
,,早餐收入,15000,1.6317650258362796E-2,13550,0.90333333333333332,"早餐收入13550
六人份（300元）x15
五人份（250元）x18
四人份（200元）x22
三人份（150元）x1",,,,,,,,,,,,,,,,,,,,
,,明信片收入,5000,5.4392167527875989E-3,0,0,每張10元，預計500張。,,,,,,,,,,,,,,,,,,,,
,,飲食收入,26250,2.8555887952134894E-2,2650,0.10095238095238095,"雞蛋糕 每份30元x20份＝600
燒仙草 每杯40元 x45份＝1800
爆米花 每份25元x10 ＝250",,,,,,,,,,,,,,,,,,,,
,小計,,94250,0.10252923579004623,63000,0.66843501326259946,,,,,,,,,,,,,,,,,,,,,
,104-1校慶追加預算收入總計,,94250,0.10252923579004623,63000,0.66843501326259946,,,,,,,,,,,,,,,,,,,,,
,收入總計,,919250,1,737000,0.80174054936089201,,,,,,,,,,,,,,,,,,,,,
,期間支出,,,,,,,,,,,,,,,,,,,,,,,,,,
,期出科目,摘要,預算金額(元),百分比(%),決算金額,執行率(%),備註說明,,,,,,,,,,,,,,,,,,,,
,業務費用,聯絡費,6000,4.4659371806389713E-3,6000,1,副會長*2及會長秘書，供日常聯絡幹部、廠商、校方、校外單位及維持部門常態性運作。,,,,,,,,,,,,,,,,,,,,
,,特支費,3000,2.2329685903194857E-3,3000,1,日常聯絡幹部、廠商、校方、校外單位，及購買公關品。,,,,,,,,,,,,,,,,,,,,
,,影印費,1000,7.4432286343982859E-4,57,5.7000000000000002E-2,學代會第六次常會資料影印57元,,,,,,,,,,,,,,,,,,,,
,小計,,10000,7.4432286343982853E-3,9057,0.90569999999999995,,,,,,,,,,,,,,,,,,,,,
,公聽會,公聽會宣傳品製作費,900,6.6989057709584575E-4,0,0,本學期並未舉辦公聽會。,,,,,,,,,,,,,,,,,,,,
,,公聽會場地費,1900,1.4142134405356742E-3,0,0,本學期並未舉辦公聽會。,,,,,,,,,,,,,,,,,,,,
,,公聽會車馬費,1600,1.1909165815037258E-3,0,0,本學期並未舉辦公聽會。,,,,,,,,,,,,,,,,,,,,
,,公聽會茶水點心費,1300,9.6761972247177714E-4,0,0,本學期並未舉辦公聽會。,,,,,,,,,,,,,,,,,,,,
,,公聽會雜費,1000,7.4432286343982859E-4,0,0,本學期並未舉辦公聽會。,,,,,,,,,,,,,,,,,,,,
,小計,,6700,4.9869631850468516E-3,0,0,,,,,,,,,,,,,,,,,,,,,
,計畫費用,學代會,190560,0.14183816485709372,190560,1,共匯入104-1預算187930與追加預算2630元,,,,,,,,,,,,,,,,,,,,
,小計,,190560,0.14183816485709372,190560,1,,,,,,,,,,,,,,,,,,,,,
,暑期好國好民活動,歸還贊助費用,400000,0.29772914537593143,400000,1,暑期並未舉辦好國好民活動，因此歸還校友贊助該活動之金額40萬。,,,,,,,,,,,,,,,,,,,,
,小計,,400000,0.29772914537593143,400000,1,,,,,,,,,,,,,,,,,,,,,
,預備金,,835,6.2150959097225682E-4,0,0,,,,,,,,,,,,,,,,,,,,,
,104-1預算支出總計,,608095,0.45261901164344254,599617,0.98605809947458867,,,,,,,,,,,,,,,,,,,,,
,104-1校慶追加預算,,,,,,,,,,,,,,,,,,,,,,,,,,
,校慶活動：彩繪椰林、臺大之夜,活動道具,40000,2.9772914537593141E-2,9168,0.22919999999999999,"一個信封和一個明信片一組$4.4*500組+稅$16
充氣玩具[動物長棒$23*20+小狼牙棒$25*10+大槌子$25*10+大吉他$35*10]
白色粉筆1200支，五色粉筆各400支，貼字用白色場佈膠帶x3=$2670+充汽球打氣筒$99
工人手冊黑白10元*41本=$410 工人簽到表1元*3張+夜宿收費收據2元*20張=$43 明信片3.5元*100張=$350 彩繪臺大明信片棉繩80元*1捆+5%稅=$84
帳篷位置圖彩色10元*9張+注意事項提醒1元*9張=$99 彩繪臺大明信片尼龍繩320元*4捆+5%稅=$1344 氣球打氣筒84元*1個+瞬間膠15元*1條=$99 交通管制示意圖彩色10元*10張+服務台告示牌彩色10元*6張+校慶企劃書彩色50元*4份+簽到表4元*6份+參加者詳細資料表4元*5份+工人sop1元*40張=$444",,,,,,,,,,,,,,,,,,,,
,,露營帳棚借用,35200,2.6200164793081966E-2,28800,0.81818181818181823,7人帳450*64頂。,,,,,,,,,,,,,,,,,,,,
,,宣傳費用,3200,2.3818331630074516E-3,0,0,活動宣傳由廠商贊助海報費用。,,,,,,,,,,,,,,,,,,,,
,,飲食支出,20000,1.4886457268796571E-2,10274,0.51370000000000005,"紙袋$275+雞蛋糕機$570
爆米花盒$570
飲料用的塑膠杯、杯蓋和吸管共480元
夜宿台大食材費[白砂糖500g $22+沙拉油600ml $45+雞蛋糕粉8000g $1240+雞蛋80顆 $272]
阿薩姆紅茶$25*82=2000，冬瓜露$30*82=2400，蜜茶$30*82=2400",,,,,,,,,,,,,,,,,,,,
,,早餐費用,15000,1.1164842951597429E-2,13982,0.93213333333333337,牛奶$23*146瓶+豆奶$15*128瓶+麵包$16*274個+餐包$36*56袋+雜糧饅頭$54*16袋+紅蘿蔔吐司$36*40袋,,,,,,,,,,,,,,,,,,,,
,,場地佈置,15000,1.1164842951597429E-2,14000,0.93333333333333335,彩繪椰林、臺大之夜 之場地區域清潔費用 14000 元,,,,,,,,,,,,,,,,,,,,
,,工作人員餐費,18400,1.3695540687292845E-2,6894,0.37467391304347825,"早餐：牛奶$21*54瓶+25元的麵包$16*40個
午餐：80元*50個
晚餐：80元*14個",,,,,,,,,,,,,,,,,,,,
,,雜支,5000,3.7216143171991426E-3,600,0.12,從學校出發直接去廠商拿紋身貼紙（去程）=$300 從學校出發直接去廠商拿紋身貼紙（回程）=$300,,,,,,,,,,,,,,,,,,,,
,小計,,151800,0.11298821067016597,83718,0.55150197628458497,,,,,,,,,,,,,,,,,,,,,
,預備金,,7590,5.6494105335082988E-3,0,0,,,,,,,,,,,,,,,,,,,,,
,104-1校慶追加預算支出總計,,159390,0.11863762120367427,83718,0.5252399774138905,,,,,,,,,,,,,,,,,,,,,
,支出總計,,1343503,1,704442,0.5243322865672797,,,,,,,,,,,,,,,,,,,,,
,二、秘書部,,,,,,,,,,,,,,,,,,,,,,,,,,
,103-2暑期特別預算,,,,,,,,,,,,,,,,,,,,,,,,,,
,期出科目,摘要,預算金額(元),百分比(%),決算金額,執行率(%),備註說明,,,,,,,,,,,,,,,,,,,,
,業務支出,文具費,200,1.6293544497670022E-3,0,0,暑期並未購買文具。,,,,,,,,,,,,,,,,,,,,
,,文書影印費,300,2.4440316746505036E-3,0,0,暑期並未使用影印。,,,,,,,,,,,,,,,,,,,,
,,網站網域續約費,1300,1.0590803923485515E-2,1108.48,0.85267692307692311,網站網域續約費[八月34.64美金*匯率32],,,,,,,,,,,,,,,,,,,,
,,名片製作費,0,0,,,製作會長、副會長和幹部名片支出，由酷可實體贊助。,,,,,,,,,,,,,,,,,,,,
,,本會簡介宣傳資料製作費,0,0,,,介紹本會宗旨、組織架構、各部執掌及繳費訊息等，由酷可實體贊助。,,,,,,,,,,,,,,,,,,,,
,,信封製作費,0,0,,,製作本會信封支出，由酷可實體贊助。,,,,,,,,,,,,,,,,,,,,
,,新生資料費,4000,3.2587088995340047E-2,0,0,由廠商贊助列印及分攤郵資。,,,,,,,,,,,,,,,,,,,,
,小計,,5800,4.7251279043243069E-2,1108.48,0.19111724137931035,,,,,,,,,,,,,,,,,,,,,
,103-2暑期預算支出總計,,5800,4.7251279043243069E-2,1108.48,0.19111724137931035,,,,,,,,,,,,,,,,,,,,,
,103-2預算展延,,,,,,,,,,,,,,,,,,,,,,,,,,
,期出科目,摘要,預算金額(元),百分比(%),決算金額,執行率(%),備註說明,,,,,,,,,,,,,,,,,,,,
,業務支出,網域續約費用,7000,5.7027405741845082E-2,2222.4,0.31748571428571432,"學生會網站網域續約費3月至4月份：
 3月37.32美金，4月35.38美金。共72,7美金，匯率以30元計，共2181元
 【(37.32+35.38)*30=2,181】
 由於103-2中五、六、七三個月份並未於決算前報帳，故提出展延。
 【展延金額為：7,000-2,181=4,819元】",,,,,,,,,,,,,,,,,,,,
,期末培力,培力手冊,4458,3.6318310685306485E-2,0,0,"因103-1提出之預算尚未執行完畢，因103-2學生會期末培力於6月27日辦理，於第八次定期大會之後，故依據預算法第35條提出展延
 【展延金額4,458元】",,,,,,,,,,,,,,,,,,,,
,期末培力,餐費,8000,6.5174177990680093E-2,0,0,"因103-1提出之預算尚未執行完畢，因103-2學生會期末培力於6月27日辦理，於第八次定期大會之後，故依據預算法第35條提出展延
 【展延金額8,000元】",,,,,,,,,,,,,,,,,,,,
,103-2預算展延支出總計,,19458,0.15851989441783165,2222.4,0.11421523280912736,,,,,,,,,,,,,,,,,,,,,
,104-1預算,,,,,,,,,,,,,,,,,,,,,,,,,,
,期間收入,,,,,,,,,,,,,,,,,,,,,,,,,,
,期入科目,收入來源,預算金額(元),百分比(%),決算金額,執行率(%),備註說明,,,,,,,,,,,,,,,,,,,,
,,,0,,0,0,,,,,,,,,,,,,,,,,,,,,
,104-1收入總計,,0,,0,0,,,,,,,,,,,,,,,,,,,,,
,期間支出,,,,,,,,,,,,,,,,,,,,,,,,,,
,期出科目,摘要,預算金額(元),百分比(%),決算金額,執行率(%),備註說明,,,,,,,,,,,,,,,,,,,,
,業務支出,聯絡費,4000,3.2587088995340047E-2,4000,1,維持秘書部運作常態性支出。,,,,,,,,,,,,,,,,,,,,
,,文具費,1000,8.1467722488350117E-3,0,0,本學期會辦無需添購文具。,,,,,,,,,,,,,,,,,,,,
,,場地租借費,20000,0.16293544497670023,18780,0.93899999999999995,上半學期場地租借費6840元，下半學期場地租借費用11940元,,,,,,,,,,,,,,,,,,,,
,,文書建檔費,5400,4.399257014370906E-2,5400,1,本會資料數位化及資訊公開計畫，雇請工讀生以時薪120元共45小時作業。,,,,,,,,,,,,,,,,,,,,
,,印刷費,2000,1.6293544497670023E-2,0,0,由酷可廠商贊助。,,,,,,,,,,,,,,,,,,,,
,,行政會議茶點,3000,2.4440316746505035E-2,415,0.13833333333333334,行政會議茶點支出415元。,,,,,,,,,,,,,,,,,,,,
,,各部會議茶點費,8000,6.5174177990680093E-2,8000,1,"聚餐530元*10人
點心400元/盤*4+飲料300元/桶*2
+水果250元/盤*2",,,,,,,,,,,,,,,,,,,,
,,宣傳性月海報,5220,4.2526151138918764E-2,3654,0.7,印製宣傳性月海報21張*$87*2,,,,,,,,,,,,,,,,,,,,
,,印刷耗材費,2500,2.0366930622087529E-2,2247,0.89880000000000004,"印表機墨水匣黑白和彩色1組($857+營業稅$43)
HP NO.61 原廠彩色墨水匣CH562WA 688元 
HP NO.61 原廠黑色墨水匣CH561WA 545元
印表機紙114元*1包=$114",,,,,,,,,,,,,,,,,,,,
,,臉書粉絲專頁宣傳費,10000,8.1467722488350117E-2,6310,0.63100000000000001,"臉書宣傳費共6310元
https://docs.google.com/spreadsheets/d/17HMn3-7w4nOJo3PGLiyxWHijLBcPdcWMyl2T-gjhhGs/edit#gid=0",,,,,,,,,,,,,,,,,,,,
,,官網網域續約費,270,2.1996285071854533E-3,270,1,網域費用為585（原先廠商）+394（新廠商）元，超出預算，使用預備金709元。網域續約再增加一年。,,,,,,,,,,,,,,,,,,,,
,,官網主機費,5000,4.0733861244175058E-2,4399.7199999999993,0.87994399999999984,"9月及10月2174.72元、11月1091元、12月1134元。
因一月部分尚未執行，故依據預算法第35條提出展延 【展延金額600元】",,,,,,,,,,,,,,,,,,,,
,,網站維護費,2000,1.6293544497670023E-2,0,0,由會內同學協助維護。,,,,,,,,,,,,,,,,,,,,
,小計,,68390,0.55715775409782642,53475.72,0.78192308817078526,,,,,,,,,,,,,,,,,,,,,
,資本支出,會辦器材添購,2500,2.0366930622087529E-2,1750,0.7,印表機1台($1667+營業稅$83),,,,,,,,,,,,,,,,,,,,
,小計,,2500,2.0366930622087529E-2,1750,0.7,,,,,,,,,,,,,,,,,,,,,
,期中全會活動,餐費,9600,7.8209013588816115E-2,9600,1,"大披薩三個 999元+歡樂分享餐 兩套 3198元+特惠副食：炸雞 168元+特惠副食：拼盤 390元+炸雞餐盒 429元+香炸薯球 49元+義式焗烤麵 168元+無炸物拼盤 200元
水果六盤（200 x 6）+餅乾五袋（240 x 5）
+飲料兩桶（300 x 2）
+甜點七盤（一盤150元 x 7 =1050)。
超支部分由幹部吸收。",,,,,,,,,,,,,,,,,,,,
,,文書印刷費,800,6.517417799068009E-3,452,0.56499999999999995,影印452元,,,,,,,,,,,,,,,,,,,,
,,場地費,0,0,,,在校外舉辦，未使用經費。,,,,,,,,,,,,,,,,,,,,
,,雜支,500,4.0733861244175058E-3,0,0,,,,,,,,,,,,,,,,,,,,,
,小計,,10900,8.8799817512301621E-2,10052,0.92220183486238527,,,,,,,,,,,,,,,,,,,,,
,期末全會活動,餐費,9600,7.8209013588816115E-2,0,0,"秘書部將於期末時辦理聚餐，依過往經驗，出席人次約120人
 依照校內便當統一價格辦理，每人補助80元，共計9600元，因本學期末遇選舉投票日，故此活動將於下學期初舉辦，故依據預算法第35條提出展延
 【展延金額9600元】",,,,,,,,,,,,,,,,,,,,
,,場地費,0,0,,,"預計借活大103、活大104，因本學期末遇選舉投票日，故此活動將於下學期初舉辦，故依據預算法第35條提出展延
 【展延金額0元】",,,,,,,,,,,,,,,,,,,,
,,文書印刷費,800,6.517417799068009E-3,0,0,"製作檢討單、說明資料等支出。因本學期末遇選舉投票日，故此活動將於下學期初舉辦，故依據預算法第35條提出展延
 【展延金額800元】",,,,,,,,,,,,,,,,,,,,
,,雜支,800,6.517417799068009E-3,0,0,"其他美宣、場地佈置等零星支出。因本學期末遇選舉投票日，故此活動將於下學期初舉辦，故依據預算法第35條提出展延
 【展延金額800元】",,,,,,,,,,,,,,,,,,,,
,小計,,11200,9.1243849186952136E-2,0,0,,,,,,,,,,,,,,,,,,,,,
,預備金,,4500,3.6660475119757549E-2,709,0.15755555555555556,官網網域續約費超支709元。,,,,,,,,,,,,,,,,,,,,
,104-1預算支出總計,,97490,0.79422882653892524,65277.72,0.66958375217971078,,,,,,,,,,,,,,,,,,,,,
,支出總計,,122748,1,68608.600000000006,0.55893863851142178,,,,,,,,,,,,,,,,,,,,,
,三、新聞部,,,,,,,,,,,,,,,,,,,,,,,,,,
,104-1預算,,,,,,,,,,,,,,,,,,,,,,,,,,
,期間收入,,,,,,,,,,,,,,,,,,,,,,,,,,
,期入科目,收入來源,預算金額(元),百分比(%),決算金額,執行率(%),備註說明,,,,,,,,,,,,,,,,,,,,
,,,0,,0,0,,,,,,,,,,,,,,,,,,,,,
,104-1收入總計,,0,,0,0,,,,,,,,,,,,,,,,,,,,,
,期間支出,,,,,,,,,,,,,,,,,,,,,,,,,,
,期出科目,摘要,預算金額(元),百分比(%),決算金額,執行率(%),備註說明,,,,,,,,,,,,,,,,,,,,
,業務支出,聯絡費,4000,2.6124020349236905E-2,4000,1,聯絡幹部團隊/雜誌編輯群/網路編輯群/合作廠商。,,,,,,,,,,,,,,,,,,,,
,,公關費,3000,1.9593015261927676E-2,1130,0.37666666666666665,飲品140*2+120*1+150*1+180*1+200*2=1130,,,,,,,,,,,,,,,,,,,,
,小計,,7000,4.571703561116458E-2,5130,0.73285714285714287,,,,,,,,,,,,,,,,,,,,,
,《花火時代》雜誌,《花火時代》第二十四期印刷費,30600,0.1998487556716623,30600,1,一本52頁，發行1000本，30600元,,,,,,,,,,,,,,,,,,,,
,,《花火時代》第二十五期印刷費,48750,0.31838649800632474,48750,1,一本64頁，發行1500本，48750元,,,,,,,,,,,,,,,,,,,,
,,交換生專欄稿費,2400,1.5674412209542143E-2,1800,0.75,稿費600*3篇=1800元,,,,,,,,,,,,,,,,,,,,
,,《花火時代》第23期、第24期、第25期回顧問卷贈獎費,1500,9.7965076309638379E-3,550,0.36666666666666664,活動贈獎點心布朗尼550元,,,,,,,,,,,,,,,,,,,,
,,雜支,1000,6.5310050873092261E-3,230,0.23,文件影印費35+文具購買費195=230,,,,,,,,,,,,,,,,,,,,
,小計,,84250,0.55023717860580224,81930,0.97246290801186941,,,,,,,,,,,,,,,,,,,,,
,花火網站媒體平台暨粉絲專頁,專欄作家邀稿稿費,12000,7.8372061047710703E-2,0,0,與邀稿對象在時程安排以及主題安排上未能取得共識，未能邀到稿件。,,,,,,,,,,,,,,,,,,,,
,,自由徵文／徵圖稿費,7800,5.0941839681011958E-2,1800,0.23076923076923078,每篇600元*3篇=1800,,,,,,,,,,,,,,,,,,,,
,,主題徵文稿費,7200,4.7023236628626425E-2,2400,0.33333333333333331,主題徵文稿費600*4篇=2400,,,,,,,,,,,,,,,,,,,,
,,雜支,500,3.2655025436546131E-3,0,0,本學期並未動用到雜支。,,,,,,,,,,,,,,,,,,,,
,小計,,27500,0.1796026399010037,4200,0.15272727272727274,,,,,,,,,,,,,,,,,,,,,
,《花火專刊》報紙,《花火專刊》第一期 印刷費,10125,6.6126426509005909E-2,10125,1,《花火專刊》報紙印刷費5000份=10125,,,,,,,,,,,,,,,,,,,,
,,《花火專刊》第二期 印刷費,10125,6.6126426509005909E-2,0,0,"《花火專刊》報紙印刷費，尺寸580x380 mm，一刊4頁全彩印刷，5000份含稅。費用由印刷廠商估計，見估價單。由於前期其他產出因受訪者對於受訪內容有疑慮而既已造成時程延宕，加上當期專刊之受訪者談妥接受新聞部訪問後，因為時程忙碌而將訪問時間不斷延後，然已承諾將以報紙形式呈現產出，但同時考量新聞部產出之內容品質與花火品牌及臺大學生會新聞部長期建立之形象息息相關，以展延方式希望能兼顧外部承諾及新聞部的品質。故依照預算法35條展延【展延金額：10,125元】",,,,,,,,,,,,,,,,,,,,
,,運費,2000,1.3062010174618452E-2,1000,0.5,"每期（次）1000元*1期=1000元。由於前期其他產出因受訪者對於受訪內容有疑慮而既已造成時程延宕，加上當期專刊之受訪者談妥接受新聞部訪問後，因為時程忙碌而將訪問時間不斷延後，然已承諾將以報紙形式呈現產出，但同時考量新聞部產出之內容品質與花火品牌及臺大學生會新聞部長期建立之形象息息相關，以展延方式希望能兼顧外部承諾及新聞部的品質。故依照預算法35條展延【展延金額：1,000元】",,,,,,,,,,,,,,,,,,,,
,小計,,22250,0.14531486319263026,11125,0.5,,,,,,,,,,,,,,,,,,,,,
,花火大講堂,講師費,3200,2.0899216279389524E-2,3200,1,講師費1600*2=3200,,,,,,,,,,,,,,,,,,,,
,,場地費,760,4.9635638663550119E-3,760,1,(新生教學大樓場地租借費200+設備租借費180)*2場=760,,,,,,,,,,,,,,,,,,,,
,,雜支,500,3.2655025436546131E-3,60,0.12,文件影印費60元,,,,,,,,,,,,,,,,,,,,
,小計,,4460,2.9128282689399147E-2,4020,0.90134529147982068,,,,,,,,,,,,,,,,,,,,,
,預備金,,7655.7894736842109,0.05,0,0,,,,,,,,,,,,,,,,,,,,,
,104-1預算支出總計,,153115.78947368421,1,106405,0.69493159631513812,,,,,,,,,,,,,,,,,,,,,
,支出總計,,153115.78947368421,1,106405,0.69493159631513812,,,,,,,,,,,,,,,,,,,,,
,四、活動部,,,,,,,,,,,,,,,,,,,,,,,,,,
,103-2預算展延,,,,,,,,,,,,,,,,,,,,,,,,,,
,期出科目,摘要,預算金額(元),百分比(%),決算金額,執行率(%),備註說明,,,,,,,,,,,,,,,,,,,,
,春季紀念品,權利金支出,11361,,11361,1,"［原金額為34,011元，減列後為11,361元］
 依支付給總務處經營管理組紀念品權利金(收入$227,228*0.05)計算
 因結案流程尚在總務處經營管理組進行，預計於6/29當周結案支付；
 故依照預算法35條展延
 【展延金額11,361元】",,,,,,,,,,,,,,,,,,,,
,小計,,11361,,11361,1,,,,,,,,,,,,,,,,,,,,,
,103-2預算展延支出總計,,11361,,11361,1,,,,,,,,,,,,,,,,,,,,,
,104-1預算,,,,,,,,,,,,,,,,,,,,,,,,,,
,期間收入,,,,,,,,,,,,,,,,,,,,,,,,,,
,期入科目,收入來源,預算金額(元),百分比(%),決算金額,執行率(%),備註說明,,,,,,,,,,,,,,,,,,,,
,燈光音響服務小組,,,,,,,,,,,,,,,,,,,,,,,,,,
,期入科目,摘要,預算金額（元）,百分比(%),決算金額,執行率(%),備註說明,,,,,,,,,,,,,,,,,,,,
,服務收入,器材出租,50000,0.21551724137931033,77650,1.5529999999999999,"會計系 會計營晚會 2700
材料系 材料營晚會 400
流唱社 流唱營晚會 5000
流唱社 流唱營晚會 4700
園藝系 園藝營晚會 2700
藥學系 藥學營晚會 4100
電機系 電機實驗 500
  USN USN晚會 2500
人類學博物館 國寶婚禮 2900
會計系 會計系內活動 500
園藝系 園藝系烤 2900
化工系 化工系卡 1500
國標社 吟星舞展 4400
政治系 政治達人秀 4000
圖資系.機械系 圖資機械達人秀 4300
經濟系 經濟系卡 6400
會計系 會計系卡 5050
管理學院 舞會 600
手語社 手語之夜 600
醫學系 醫學之夜 6000
民謠吉他社 民謠之夜 6000
鋼琴社 期末公演 1200
熱舞社 期末呈現 1000
園藝系 園藝系內活動 1500
外文系 外文之夜 6000
小海豚MV舞蹈社 小海豚小成發 200
",,,,,,,,,,,,,,,,,,,,
,小計,,50000,0.21551724137931033,77650,1.5529999999999999,,,,,,,,,,,,,,,,,,,,,
,其他活動,,,,,,,,,,,,,,,,,,,,,,,,,,
,期入科目,收入來源,預算金額(元),百分比(%),決算金額,執行率(%),備註說明,,,,,,,,,,,,,,,,,,,,
,報名費,台大大富翁,133000,0.57327586206896552,123380,0.92766917293233087,"實際參與人數654人，371人已繳學生會費，283人未繳學生會費
371*180+283*200
一共是123380",,,,,,,,,,,,,,,,,,,,
,門票收入,聖誕野餐,40000,0.17241379310344829,19160,0.47899999999999998,"總共23組報名=800*23=18400
其中11組另外購買薑餅屋，80*11=880
減去雄米屋貼紙折扣10*12=120
=18400+880-120=19160",,,,,,,,,,,,,,,,,,,,
,禮物材料費,聖誕野餐,9000,3.8793103448275863E-2,390,4.3333333333333335E-2,現場報名$60*6人+$30*1人（將禮物留下者半價）=$390,,,,,,,,,,,,,,,,,,,,
,小計,,182000,0.78448275862068961,142930,0.78532967032967038,,,,,,,,,,,,,,,,,,,,,
,104-1預算收入總計,,232000,1,220580,0.95077586206896547,,,,,,,,,,,,,,,,,,,,,
,收入總計,,232000,1,220580,0.95077586206896547,,,,,,,,,,,,,,,,,,,,,
,期間支出,,,,,,,,,,,,,,,,,,,,,,,,,,
,期出科目,摘要,預算金額(元),百分比(%),決算金額,執行率(%),備註說明,,,,,,,,,,,,,,,,,,,,
,業務支出,連絡費,4500,1.1026952321908593E-2,4500,1,日常聯絡幹部、廠商與校外單位等，及維持部內運作等支出,,,,,,,,,,,,,,,,,,,,
,,文具費,1000,2.4504338493130211E-3,0,0,本學期並未動用到文具費。,,,,,,,,,,,,,,,,,,,,
,,影印費,500,1.2252169246565105E-3,150,0.3,大富翁收據列印$50、工人大會資料列印$100,,,,,,,,,,,,,,,,,,,,
,小計,,6000,1.4702603095878125E-2,4650,0.77500000000000002,,,,,,,,,,,,,,,,,,,,,
,燈光音響服務小組,,,,,,,,,,,,,,,,,,,,,,,,,,
,期出科目,摘要,預算金額(元),百分比(%),決算金額,執行率(%),備註說明,,,,,,,,,,,,,,,,,,,,
,業務支出,茶點費,2000,4.9008676986260422E-3,2000,1,綜合蛋糕捲$14*90 + 冰紅茶8公升$400*1桶 + 運費一趟$200*2趟 - 折扣$60=$2000(廠商：趴趴走美食工坊),,,,,,,,,,,,,,,,,,,,
,,場地租借費,200,4.9008676986260415E-4,200,1,租借燈音講座場地：新生教室100元＋設備費100元,,,,,,,,,,,,,,,,,,,,
,小計,,2200,5.3909544684886462E-3,2200,1,,,,,,,,,,,,,,,,,,,,,
,資本支出,LED 追蹤燈,63000,0.15437733250672031,38430,0.61,追蹤燈(18000*2)+5%稅金運費=36000+1830+600=38430,,,,,,,,,,,,,,,,,,,,
,,無線對講機,1980,4.8518590216397811E-3,1980,1,單價990 * 數量2組(包括對講機、充電座、耳機),,,,,,,,,,,,,,,,,,,,
,,頭戴式麥克風,14400,3.5286247430107498E-2,14400,1,MU-53HNS 頭戴麥克風單價$1800*數量8,,,,,,,,,,,,,,,,,,,,
,,設備維修,10000,2.4504338493130207E-2,10000,1,"擴大機經高壓電損壞，維修與檢測費用5500+275(5%的稅金)=$5775
[X32數位控台總維修費用]頂盛音響企業社:
CH28 XLR插座 *1+CH9 Fader *1+Group 5 select 鈕 *1+螢幕旋鈕*1 5000+5%– 1025(預備金)= 4225
超出預算使用預備金1025",,,,,,,,,,,,,,,,,,,,
,小計,,89380,0.21901977745159781,64810,0.72510628776012531,,,,,,,,,,,,,,,,,,,,,
,燈光音響服務小組小計,,91580,0.22441073192008645,67010,0.73170998034505352,,,,,,,,,,,,,,,,,,,,,
,聖誕野餐,,,,,,,,,,,,,,,,,,,,,,,,,,
,期出科目,摘要,預算金額(元),百分比(%),決算金額,執行率(%),備註說明,,,,,,,,,,,,,,,,,,,,
,食物支出,,22500,5.5134761609542969E-2,15399,0.68440000000000001,"馬芬12入$215*13+小拐杖糖$97+巧克力$349+奶油糖$299+烤雞$179*31=$9,089
披薩$300*11-折扣$30*11=$2,970
水煎包$13*130=$1,690
紅豆餅$10*165=$1,650",,,,,,,,,,,,,,,,,,,,
,禮物材料支出,,21500,5.2684327760229951E-2,10841,0.50423255813953494,"金日本鈴$180*2+銀日本鈴$180*2+彩色日本鈴$180*2+紅線$15+營業稅$55=$1,150
保麗龍膠 $20*11=$220
禮物用布$882+營業稅$44=$926
金色日本鈴$150+自由鐘$108+金粉$50+鍛帶$40+金環$30+銀日本鈴$150+營業稅$26=$554
紙燈籠$17*70+LED燈$15*70+營業稅$120=$2,520
星星摺紙$11+合成糊$8+緞帶$19=$38
水彩筆$23*4+梅花盤$11+水彩盤$15*3+水彩筆$21*7+白顏料$23*2+青顏料$23*3+黑顏料$23*2+紅顏料$23*3+黃顏料$23*3=$594
包裝用牛皮紙$5*31=$155
5.5M文公$90
膠帶$29
剪刀$15*3+剪刀$18*3+雙面膠$19*12=$327
剪刀$16*4=$64
保麗龍膠$57
膠帶$29*6=$174
童軍繩$20*2+單包便利貼$12*2=$64
緞帶$339*2=$678
薑餅屋用營養口糧$195+彩虹糖$49*2+牛奶巧克力$99+QQ果$99+圓紙盤$48+保鮮膜$25=$564
營養口糧$13*5+糖粉$39*2+糖粉$49*2+蛋$45=$286
布$189
紙杯100入$54+調棒$47=$101
空瓶$10*70+棉花$38*9+原子印油$27*2+原子印油藍$27*3+原子印油紅$27*5+亮片$220=$1,532
 顏料(橘、朱、群、白)$23*4+水彩筆$15*10+保麗龍膠$27*3=$323 禮物燈籠用顏料青$23*2+黃$23*2+紅$23*2+白$23*2+梅花盤$11*2=$206",,,,,,,,,,,,,,,,,,,,
,野餐組合雜支,,3500,8.5765184725955738E-3,3279,0.93685714285714283,"野餐墊$39*7+購物袋$2=$275
鋁箔墊$39*8+包巾$39*10=$702
野餐墊$65*2+$59*4+$65*2=$496
保麗龍箱運費$800 保麗龍箱$10*30 
打火機$10*5+野餐墊$59*8+垃圾袋$59+杯子$25*5=$706",,,,,,,,,,,,,,,,,,,,
,聖誕卡,,2500,6.1260846232825518E-3,1916,0.76639999999999997,"聖誕小卡印製$400+$500
聖誕貼紙印製$500
聖誕卡影印$180+$230+$106",,,,,,,,,,,,,,,,,,,,
,場地費,場地費,0,0,,,學生社團租借活大地下室（藝文展示室）免費,,,,,,,,,,,,,,,,,,,,
,場佈支出,場佈用背板,2000,4.9008676986260422E-3,2000,1,"背板印刷$2,000",,,,,,,,,,,,,,,,,,,,
,,場佈用旗幟,500,1.2252169246565105E-3,0,0,因報名人數較少，為降低成本並未使用。,,,,,,,,,,,,,,,,,,,,
,,聖誕樹,4500,1.1026952321908593E-2,3304,0.73422222222222222,"裝飾用鐘鈴161
（聖誕樹$1,490+電鍍球$99*2+雪人吊飾$69）*0.88(88折)=$1,546
裝飾用魔帶$32*2=$64
聖誕樹裝飾品保麗龍球$28*5+保麗龍球$20+保麗龍球$16+長鋁箔$24*4+紙品$12*2+紙品$29*5=$441
禮物塊$49+拐杖$29+雪花$29*3+金蝴蝶$39=$204
聖誕飾品$414
聖誕飾品$37+$224+$14*5+運費$120+營業稅$23",,,,,,,,,,,,,,,,,,,,
,,對講機,2650,6.4936497006795055E-3,0,0,並未使用,,,,,,,,,,,,,,,,,,,,
,,室外燈,4000,9.8017353972520843E-3,3360,0.84,"燈光租金LED*8 $3,360",,,,,,,,,,,,,,,,,,,,
,,聖誕節飾品,3000,7.3513015479390624E-3,2380,0.79333333333333333,"[聖誕野餐場佈支出]絨布造型筆($19*3-折扣$8)$49
聖誕帽$12*9+聖誕襪$19+聖誕眼鏡框$49+聖誕老人揮手頭$39+造型頭飾$39+聖誕禮包15*3-折扣$82=217
聖誕裝飾$49*3=$147
聖誕老人裝$400+麋鹿裝$400=$800
裝飾用金銀帶$24*4+普通緞帶$20*2+灰銅卡$8*4=$168
聖誕節宣傳活動看板印刷$110*2+$16*4=$284
裝飾用 緞帶$229*2+鐵線$29*2+緞帶$199=$715",,,,,,,,,,,,,,,,,,,,
,,燈音器材,20000,4.9008676986260415E-2,18100,0.90500000000000003,"發電機租金5500
音響租金(混音器*1+外區監聽喇叭*4+舞台監聽喇叭*4+主系統擴大機*3+監聽擴大機*1+重低音擴大機*1+無線麥克風*4+收音系統*1+訊號連接線*1+電源連接線*1+喇叭連接線*1)  共$12,600",,,,,,,,,,,,,,,,,,,,
,宣傳費,宣傳小卡,0,0,,,由酷可實體贊助,,,,,,,,,,,,,,,,,,,,
,,宣傳糖果,2000,4.9008676986260422E-3,1276,0.63800000000000001,[聖誕野餐宣傳]糖果($500+$300+$200)+糖果包裝魔帶$32*3+OPP袋$36*5,,,,,,,,,,,,,,,,,,,,
,,抽獎禮物-拍立得底片,600,1.4702603095878126E-3,189,0.315,拍立得底片$180+營業稅$9,,,,,,,,,,,,,,,,,,,,
,,抽獎禮物-布朗尼,800,1.9603470794504166E-3,752,0.94,"蛋$50+麵粉$35*3+糖33*2+巧克力磚$150+可可粉$72
麵粉$35*3+糖33*2+巧克力磚$138=$309",,,,,,,,,,,,,,,,,,,,
,,抽獎禮物-聖誕卡,750,1.8378253869847656E-3,750,1,宣傳小卡印製$400、聖誕小卡$350,,,,,,,,,,,,,,,,,,,,
,小計,,90800,0.2224993935176223,63546,0.6998458149779736,,,,,,,,,,,,,,,,,,,,,
,台大大富翁,,,,,,,,,,,,,,,,,,,,,,,,,,
,校慶活動,場地費,17200,4.214746220818396E-2,250,1.4534883720930232E-2,學校無償提供場地，校慶當天博雅一個小時的人事管理費$250,,,,,,,,,,,,,,,,,,,,
,,茶水費,16000,3.9206941589008337E-2,6455,0.4034375,素食點心$80*3+飲料($49*110+$55*15),,,,,,,,,,,,,,,,,,,,
,,工人餐費,10400,2.5484512032855417E-2,10400,1," 80元x130位=10,400元",,,,,,,,,,,,,,,,,,,,
,,設計費,10000,2.4504338493130207E-2,10000,1,"大富翁職業性向測驗RPG網頁設計$5,000
臺大湊熱鬧主視覺設計$5000",,,,,,,,,,,,,,,,,,,,
,,道具費,50000,0.12252169246565105,35218,0.70435999999999999,"道具列印$220
環保塑膠袋$1+紙品5元商品*38+紙品6元商品*72+紙品29元商品*1+雄獅奇異筆黑$9*5+大漢硬質不織布$12*3+大漢硬質不織布$12*3+3M透明膠帶$21
布($50*4匹 +$10營業稅)+宣紙(林三益書法範本集)$53+保麗龍球(7cm $15*6+8cm $19*1)+鱈魚絲$47+保鮮膜$75
關卡題目影印費($69+5%營業稅)+特殊區道具列印$348+試跑用道具[柳橙汁$27+芭樂汁$27+樂事$29+香$24+綠豆$53+保鮮膜$98+紅蔥頭$20($42-變價$22)+紅蘿蔔$48-折扣$10]
闖關卡用[白玉卡 A4 $5*25張+灰紙板 A4 $5*12張]+美術紙A4 $5*67張+遊戲小卡[萊妮紙20張入包]$90 *5+道具卡用[PP板$25 + 紙$5*10張 + PP板$12*4+PP板$12*3]+彩色影印($5*147張)$735 + 黑白影印($0.7*276張)$193
鈔票列印($1,420+$5,000+$5,000)+關牌列印($2,670+$2,525+$2,330+$2,000)+SOP列印$640+小隊牌&地圖印製$1,520
活動道具[透明膠帶$32*2卷+口紅膠$12*10個+奇異筆$12*10支+維大力汽水$54+樂事$40+冰塊$90+蘆筍汁$468+可口可樂24入$249+小白菜($24*2-折扣$5)$43+青江菜($22-折扣$3)$19+紅蘿蔔($69-折扣$30)$39+高麗菜($45-折扣$6)$39+購物袋$2+柳橙汁$432-可口可樂折扣$60+水球100入$32+水球300入$96+標籤$20*2+人體彩繪筆$39*2]
遊戲道具[保麗龍球12入 $20*2+ 3號水球 $12+ 4號水球 $12+ 5號水球 $12+水球100入 $32+ 墨汁$12 + 綜合美術紙 $19 + 毛筆$40 =$179
 墨汁$12+書畫中楷$24*2 = $60
 車票列印$480]
布地圖$213.85*24(含營業稅5%)=$5,132",,,,,,,,,,,,,,,,,,,,
,,獎品費,50000,0.12252169246565105,38815,0.77629999999999999,"參賽紀念A7便條紙$9.85*1,000份+A4L型夾$11*1,000份+加5%營業稅
紀念品包裝用自黏袋$36*10
紀念品廣告筆$2.5*1,000枝+製版費$500+稅$150=$3,150
工人小卡*130張(1017)
手提袋$10.395*1000(含營業稅5%)=$10,395
College bike$2,000",,,,,,,,,,,,,,,,,,,,
,,宣傳費,12000,2.9405206191756249E-2,9804,0.81699999999999995,"新禾太卷16元*9捲+白卡板120元*5片+泡泡水(1487+1485)元+添加在泡泡水中之膠水(20元*2瓶-折扣4元+稅額2元)
印章250元+棉花糖機(4,762 +營業稅238)元
海報輸出$200*4張",,,,,,,,,,,,,,,,,,,,
,,門票製作,1600,3.9206941589008332E-3,1600,1,"實際門票列印780張$1,600",,,,,,,,,,,,,,,,,,,,
,,場佈費,20000,4.9008676986260415E-2,3237,0.16184999999999999,"保麗龍切裁器$56+碳鋅電池$40
大型場佈用[白膠$85*2 +廣告顏料$140+噴漆$108+布$56*4+全開紙$48*4+雙面膠$36*4+膠帶$36*3+剪刀$20*2 +膠水$16*3+紙$16*3+PP板$64]+全開紙$26*3+雙面泡棉膠$43*2
鐵絲$29*3+鐵絲$65
+[白膠$80*2+紙$15*10-10%折扣$31]+壓克力水彩顏料$39+壓克力水彩顏料$23*4+珠光壓克力顏料$38+圓頭水彩筆$24+平頭水彩筆$44+保麗龍板$65+奇異筆$9*4+水彩筆$27+顏料$23+紙黏土$$30*4+珍珠板$84+美術紙$5*4+3吋高級油粉刷$33+1.5吋高級油粉刷$17+賽璐璐片$15+布紋膠帶 $29*2+電氣膠帶$11*2
毛布$32+紅色絲帶$28+金蔥絲帶$59
佈關用椅子$119*2把
場佈用[書面紙(4開) $5 * 8=40
 膠帶 $47+鐵線 $10 * 2=$67
 壓克力顏料$39]",,,,,,,,,,,,,,,,,,,,
,,器材費,3150,7.7188666253360161E-3,2000,0.63492063492063489,對講機10支(包括耳機10副及充電器10個)租金$2000,,,,,,,,,,,,,,,,,,,,
,小計,,190350,0.46644008321673353,117779,0.61874967165747308,,,,,,,,,,,,,,,,,,,,,
,預備金,,18000,4.4107809287634372E-2,2025,0.1125,"臺大大富翁主視覺設計超支，動用預備金$1,000
X32數位控台總維修費用，動用預備金$1,025

",,,,,,,,,,,,,,,,,,,,
,104-1預算支出總計,,396730,0.97216062103795475,255010,0.64277972424570862,,,,,,,,,,,,,,,,,,,,,
,支出總計,,408091,1,266371,0.65272451487535865,,,,,,,,,,,,,,,,,,,,,
,五、學術部,,,,,,,,,,,,,,,,,,,,,,,,,,
,104-1預算,,,,,,,,,,,,,,,,,,,,,,,,,,
,期間收入,,,,,,,,,,,,,,,,,,,,,,,,,,
,期入科目,收入來源,預算金額(元),百分比(%),決算金額,執行率(%),備註說明,,,,,,,,,,,,,,,,,,,,
,,,0,,0,0,,,,,,,,,,,,,,,,,,,,,
,104-1收入總計,,0,,0,0,,,,,,,,,,,,,,,,,,,,,
,期間支出,,,,,,,,,,,,,,,,,,,,,,,,,,
,期出科目,摘要,預算金額(元),百分比(%),決算金額,執行率(%),備註說明,,,,,,,,,,,,,,,,,,,,
,業務費用,連絡費,4000,2.3010061149237503E-2,4000,1,,,,,,,,,,,,,,,,,,,,,
,小計,,4000,2.3010061149237503E-2,4000,1,,,,,,,,,,,,,,,,,,,,,
,校史工作坊,,,,,,,,,,,,,,,,,,,,,,,,,,
,計畫費用,影印費,1000,5.7525152873093757E-3,0,0,本學期進度屬資料研究階段，並未使用影印費。,,,,,,,,,,,,,,,,,,,,
,小計,,1000,5.7525152873093757E-3,0,0,,,,,,,,,,,,,,,,,,,,,
,校空工作坊,,,,,,,,,,,,,,,,,,,,,,,,,,
,計畫費用,影印費,1000,5.7525152873093757E-3,0,0,本學期進度屬資料研究階段，並未使用影印費。,,,,,,,,,,,,,,,,,,,,
,,宣傳費,3000,1.7257545861928129E-2,0,0,本學期進度屬資料研究階段，並未有實體活動，並未使用宣傳費。 ,,,,,,,,,,,,,,,,,,,,
,小計,,4000,2.3010061149237503E-2,0,0,,,,,,,,,,,,,,,,,,,,,
,性別工作坊,,,,,,,,,,,,,,,,,,,,,,,,,,
,翻轉性別月,講師費,6400,3.681609783878001E-2,6400,1,"1600*4
翻轉性別月系列講座-美甲工作坊，講師 陳誱蔆
翻轉性別月系列講座-髮妝工作坊，講師 簡志澄 
翻轉性別月系列講座-彩妝工作坊，講師 張雋德 
翻轉性別月系列講座-穿搭工作坊，講師 李心閎 ",,,,,,,,,,,,,,,,,,,,
,,場地費,100,5.7525152873093765E-4,100,1,講座活動場地租金200元、設備租借租金200元，因估預算不清楚場地、設備租借細項，因此場地費超預算300元，由預備金支付。,,,,,,,,,,,,,,,,,,,,
,,雜支,1000,5.7525152873093757E-3,110,0.11,影印回饋單費用110,,,,,,,,,,,,,,,,,,,,
,,材料費,5000,2.876257643654688E-2,4430,0.88600000000000001,翻轉性別月系列講座，彩妝、美甲化妝品材料費4430,,,,,,,,,,,,,,,,,,,,
,,宣傳費,1000,5.7525152873093757E-3,1000,1,翻轉性別月，酷卡1000張610元，因第一批QR CODE有問題，因此補印1000張610元。宣傳費超出預算，使用預備金220。,,,,,,,,,,,,,,,,,,,,
,小計,,13500,7.7658956378676577E-2,12040,0.8918518518518519,,,,,,,,,,,,,,,,,,,,,
,性別友善健檢,影印費,13200,7.5933201792483765E-2,700,5.3030303030303032E-2,性別友善健檢，初試紙本影印200份，每份3.5元 ,,,,,,,,,,,,,,,,,,,,
,小計,,13200,7.5933201792483765E-2,700,5.3030303030303032E-2,,,,,,,,,,,,,,,,,,,,,
,愛滋月,場地費,1140,6.5578674275326883E-3,1140,1,"愛滋月系列講座共六場，未搶到二活免費場地，借用新生教室加上設備費為2160，超支1220元由預備金支付
新生小教室*3 200*3=600
【性福恆久遠，一「套」少風險】 新生401 
【性愛相談室：「精」為天人！】新生403
【當臂彎不再是避風港-談親密關係】新生402 
新生中教室*3  380*3=1140
【穠纖不合度──關於身體的那些事】新生302
【美國天使：上集】新生302
【美國天使：下集】新生302
新生大教室+設備費 620
【我的彩虹時代】新生102",,,,,,,,,,,,,,,,,,,,
,,講師費,25600,0.14726439135512004,24000,0.9375,"講師共15位，每位1600元
臺大愛滋月系列講座，Hope Is Vital: The Last 000 Day，講者王國泰。 
臺大愛滋月系列講座，穠纖不合度──關於身體的那些事，講者林昱君。 
臺大愛滋月系列講座，穠纖不合度──關於身體的那些事，講者謝莉君。 
臺大愛滋月系列講座，當臂彎不再是避風港──談親密關係，講者吳宗泰。 
臺大愛滋月系列講座，當臂彎不再是避風港──談親密關係，講者蔡依庭。 
臺大愛滋月系列講座，性愛相談室:「潮」到出水，講者黃桂卿。 
臺大愛滋月系列講座，性愛相談室:「潮」到出水，講者呂璯敏。
臺大愛滋月系列講座，性愛相談室:「潮」到出水，講者林昱君。
臺大愛滋月系列講座，性愛相談室:「潮」到出水，講者黃桂卿。
臺大愛滋月系列講座，我的彩虹時代，講者王國泰。
臺大愛滋月系列講座，我的彩虹時代，講者張琦。
臺大愛滋月系列講座，親密關係，講者林昱君。
臺大愛滋月系列講座，性愛講座精為天人，講師高智龍。 
臺大愛滋月系列講座，性愛講座精為天人，講師鄭孝忱。
臺大愛滋月系列講座，性愛講座精為天人，講師高智龍。 ",,,,,,,,,,,,,,,,,,,,
,,宣傳費,4355,2.5052204076232331E-2,2227,0.51136624569460387,"酷卡1302元。
海報＋酷卡4925，4000元由保健中心合作支付，925元由學生會支付。",,,,,,,,,,,,,,,,,,,,
,,設計費,1200,6.903018344771251E-3,1200,1,臺大愛滋月活動海報、酷卡相關設計，設計人陳品睿。,,,,,,,,,,,,,,,,,,,,
,,禮品費,1000,5.7525152873093757E-3,475,0.47499999999999998,愛滋週的活動Q&A的任務達成禮物：菓風小舖巧克力475。 ,,,,,,,,,,,,,,,,,,,,
,,衛教宣導耗材,2000,1.1505030574618751E-2,0,0,由健康中心、昆明院區、同志熱線贊助,,,,,,,,,,,,,,,,,,,,
,,影印費,1000,5.7525152873093757E-3,672,0.67200000000000004,愛滋月系列講座的所有回饋單、問卷。 ,,,,,,,,,,,,,,,,,,,,
,,愛滋週場地佈置費,2000,1.1505030574618751E-2,100,0.05,瓦楞紙板跟便利貼100元,,,,,,,,,,,,,,,,,,,,
,小計,,38295,0.22029257292751256,29814,0.77853505679592638,,,,,,,,,,,,,,,,,,,,,
,性別工作坊系列活動小計,,64995,0.37388473109867287,42554,0.65472728671436264,,,,,,,,,,,,,,,,,,,,,
,深夜食堂,,,,,,,,,,,,,,,,,,,,,,,,,,
,計畫費用,講師費,19200,0.11044829351634002,9600,0.5,講師費1600*6位,,,,,,,,,,,,,,,,,,,,
,,車馬費,3000,1.7257545861928129E-2,0,0,並無與談人核銷車馬費,,,,,,,,,,,,,,,,,,,,
,,場地費,5700,3.2789337137663445E-2,4000,0.70175438596491224,借用博雅一樓圓桌區，每場1900元*2=3800＋新生教室200元,,,,,,,,,,,,,,,,,,,,
,,影印費,750,4.3143864654820322E-3,676,0.90133333333333332,活動簡報講義（600張）、補充法條（160張） 、簽到單與回饋單（88張），共676元,,,,,,,,,,,,,,,,,,,,
,,宣傳費,2200,1.2655533632080627E-2,140,6.363636363636363E-2,彩色海報140元,,,,,,,,,,,,,,,,,,,,
,,場佈費,1500,8.6287729309640643E-3,0,0,"延續前一屆場地佈置，並未使用場地佈置費。

",,,,,,,,,,,,,,,,,,,,
,小計,,32350,0.18609386954445831,14416,0.44562596599690879,,,,,,,,,,,,,,,,,,,,,
,教育政策工作坊,講師費,12800,7.3632195677560019E-2,1200,9.375E-2,僅一名講師領取講師費1200元,,,,,,,,,,,,,,,,,,,,
,,車馬費,3000,1.7257545861928129E-2,0,0,並無與談人核銷車馬費,,,,,,,,,,,,,,,,,,,,
,,場地費,14500,8.3411471665985948E-2,14330,0.98827586206896556,高教博雅場地費+人事費共14330,,,,,,,,,,,,,,,,,,,,
,,宣傳費,2200,1.2655533632080627E-2,0,0,採線上宣傳形式，並無實體宣傳品。,,,,,,,,,,,,,,,,,,,,
,,影印費,500,2.8762576436546878E-3,30,0.06,研究資料影印費用30元,,,,,,,,,,,,,,,,,,,,
,,場地佈置費,1500,8.6287729309640643E-3,0,0,使用既有材料佈置。,,,,,,,,,,,,,,,,,,,,
,,雜支,1600,9.2040244596950024E-3,0,0,並未動用雜支。,,,,,,,,,,,,,,,,,,,,
,小計,,36100,0.20766580187186848,15560,0.43102493074792242,,,,,,,,,,,,,,,,,,,,,
,客廳計畫,講師費,4800,2.7612073379085004E-2,0,0,講者皆未領取講師費。,,,,,,,,,,,,,,,,,,,,
,,車馬費,1500,8.6287729309640643E-3,0,0,並無與談人核銷車馬費。,,,,,,,,,,,,,,,,,,,,
,,場地費,0,0,,,,,,,,,,,,,,,,,,,,,,,
,,場佈費用,1600,9.2040244596950024E-3,0,0,使用既有材料佈置。,,,,,,,,,,,,,,,,,,,,
,,宣傳費,2200,1.2655533632080627E-2,0,0,採線上宣傳形式，並無實體宣傳品。,,,,,,,,,,,,,,,,,,,,
,小計,,10100,5.81004044018247E-2,0,0,,,,,,,,,,,,,,,,,,,,,
,刮亮台大,刮刮樂刮膜製作費 ,6000,3.4515091723856257E-2,0,0, $3900 括膜費用 【八常刪除決算3900元】,,,,,,,,,,,,,,,,,,,,
,,展版設計費,5000,2.876257643654688E-2,2500,0.5,用於展版底圖設計費5000元 【八常刪除決算：由5000刪除至2500元】,,,,,,,,,,,,,,,,,,,,
,,展版費用,0,0,,,,,,,,,,,,,,,,,,,,,,,
,,雜支,2000,1.1505030574618751E-2,0,0,雜支 $920 【八常刪除決算920元】,,,,,,,,,,,,,,,,,,,,
,小計,,13000,7.4782698735021885E-2,2500,0.19230769230769232,,,,,,,,,,,,,,,,,,,,,
,預備金,,8292,4.7699856762369347E-2,1740,0.20984081041968161,"翻轉性別月，場地費超支300元。
翻轉性別月，宣傳費超支220元。
愛滋月系列講座，場地費超支1220元。",,,,,,,,,,,,,,,,,,,,
,104-1預算支出總計,,173837,1,80770,0.46463065975597828,,,,,,,,,,,,,,,,,,,,,
,支出總計,,173837,1,80770,0.46463065975597828,,,,,,,,,,,,,,,,,,,,,
,六、福利部,,,,,,,,,,,,,,,,,,,,,,,,,,
,期間收入,,,,,,,,,,,,,,,,,,,,,,,,,,
,期入科目,收入來源,預算金額(元),百分比(%),決算金額,執行率(%),備註說明,,,,,,,,,,,,,,,,,,,,
,,,-,,0,0,,,,,,,,,,,,,,,,,,,,,
,104-1收入總計,,,,0,0,,,,,,,,,,,,,,,,,,,,,
,期間支出,,,,,,,,,,,,,,,,,,,,,,,,,,
,期出科目,摘要,預算金額(元),百分比(%),決算金額,執行率(%),備註說明,,,,,,,,,,,,,,,,,,,,
,業務支出,連絡費,4450,0.7807017543859649,4450,1,日常聯絡幹部、廠商、校方、校外單位及維持部門常態性運作,,,,,,,,,,,,,,,,,,,,
,,影印費,1000,0.17543859649122806,400,0.4,影印費用400元。,,,,,,,,,,,,,,,,,,,,
,小計,,5450,0.95614035087719296,4850,0.88990825688073394,,,,,,,,,,,,,,,,,,,,,
,預備金,,250,4.3859649122807015E-2,0,0,,,,,,,,,,,,,,,,,,,,,
,104-1預算支出總計,,5700,1,4850,0.85087719298245612,,,,,,,,,,,,,,,,,,,,,
,104-1支出總計,,5700,1,4850,0.85087719298245612,,,,,,,,,,,,,,,,,,,,,
,七、文化部,,,,,,,,,,,,,,,,,,,,,,,,,,
,104-1預算,,,,,,,,,,,,,,,,,,,,,,,,,,
,期間收入,,,,,,,,,,,,,,,,,,,,,,,,,,
,期入科目,收入來源,預算金額(元),百分比(%),決算金額,執行率(%),備註說明,,,,,,,,,,,,,,,,,,,,
,校慶我就尬藝你市集,攤位費用,12000,1,12000,,向廠商收取攤位費用1000元共12攤,,,,,,,,,,,,,,,,,,,,
,台大電影節 NTU MovieFest,門票收入,29700,0.17491166077738515,29700,1,每張票價100元，共兩場，其中十日性愛死場次賣出111張，醉．生夢死場次賣出186張，共計11100+18600=29700,,,,,,,,,,,,,,,,,,,,
,學校補助收入,課外活動組補助電影節費用,80000,0.47114252061248529,80000,1,,,,,,,,,,,,,,,,,,,,,
,學校補助收入,學生活動中心補助電影節費用,48100,0.28327444051825679,48100,1,,,,,,,,,,,,,,,,,,,,,
,小計,,169800,1,169800,1,,,,,,,,,,,,,,,,,,,,,
,104-1收入總計,,169800,1,169800,1,,,,,,,,,,,,,,,,,,,,,
,期間支出,,,,,,,,,,,,,,,,,,,,,,,,,,
,期出科目,摘要,預算金額(元),百分比(%),決算金額,執行率(%),備註說明,,,,,,,,,,,,,,,,,,,,
,業務支出,聯絡費,4000,8.2238701944328512E-3,4000,1,因電影節與音樂節的籌畫與聯繫，以及版權與合作細節的洽談，有極大量的溝通都需要藉由電話通訊的方式進行。,,,,,,,,,,,,,,,,,,,,
,,公關費,1200,2.4671610583298555E-3,0,0,本學期未使用公關費用。,,,,,,,,,,,,,,,,,,,,
,小計,,5200,1.0691031252762707E-2,4000,0.76923076923076927,,,,,,,,,,,,,,,,,,,,,
,活大藝廊Gallery,器材費,0,0,,,活大贊助。,,,,,,,,,,,,,,,,,,,,
,,宣傳費,1500,3.083951322912319E-3,0,0,活大贊助。,,,,,,,,,,,,,,,,,,,,
,,場地佈置費,3000,6.167902645824638E-3,0,0,活大贊助。,,,,,,,,,,,,,,,,,,,,
,小計,,4500,9.2518539687369578E-3,0,0,,,,,,,,,,,,,,,,,,,,,
,我就尬藝你市集,場地攤位費,80000,0.16447740388865703,62895,0.78618750000000004,"[(1攤位含1頂帳篷、1張會議桌、2張塑膠椅；共40攤)，總計22000元。
攤位亦含攤位燈，1個150元，150*40=6000元。
攤位及音響電力使用=13950+17950=31900元。]
上述總計含稅金5%＝（22000+6000+31900）*1.05=62895元",,,,,,,,,,,,,,,,,,,,
,,獎品費,15000,3.0839513229123192E-2,0,0,由公關部拉獎品贊助。,,,,,,,,,,,,,,,,,,,,
,,宣傳費,10000,2.0559675486082129E-2,3000,0.3,由廠商贊助海報。為加強宣傳效果，校慶《我就尬藝你》創意市集攝影$3000 ,,,,,,,,,,,,,,,,,,,,
,,工人餐費,3200,6.5790961555462811E-3,2080,0.65,26位*80元=2080,,,,,,,,,,,,,,,,,,,,
,,設計費,3000,6.167902645824638E-3,3000,1,校慶《我就尬藝你》創意市集主視覺、宣傳設計費$3000,,,,,,,,,,,,,,,,,,,,
,,雜支,3000,6.167902645824638E-3,,0,,,,,,,,,,,,,,,,,,,,,
,小計,,114200,0.2347914940510579,70975,0.62149737302977237,,,,,,,,,,,,,,,,,,,,,
,光合作用 Oxygenic Photosynthesis,宣傳費,3280,6.7435735594349377E-3,0,0,活大贊助,,,,,,,,,,,,,,,,,,,,
,,網站設計費,3000,6.167902645824638E-3,0,0,,,,,,,,,,,,,,,,,,,,,
,小計,,6280,1.2911476205259577E-2,0,0,,,,,,,,,,,,,,,,,,,,,
,台大電影節 NTU MovieFest,電影版權費,78000,0.16036546879144059,54400,0.6974358974358974,"台大電影節所用之電影「革命前夕的摩托車日記」版權費4500
台大電影節所用之電影「薩爾加多的凝視」版權費4500
台大電影節所用之電影「拔一條河」版權費3750
台大電影節所用之電影「一首搖滾上月球」版權費4000
台大電影節所用之電影「偷天鋼索人」版權費6300
台大電影節所用之電影「鬥陣俱樂部」版權費7000
台大電影節所用之電影「NO」版權費4200
[《珍愛泉源》5000、《四百擊》4500、《舞動人生》4000、《驕傲大聯盟》5000
共4部18500，9折優惠16650] 《血熱之心》3500
",,,,,,,,,,,,,,,,,,,,
,,電影播放費,60000,0.12335805291649277,52000,0.8666666666666667,"片名 : 十日性愛死 $40000，因劇院收費方式為（播映+場地+特殊播放格式）合併計算，故合併報帳，12500為此科目費用。
片名 : 醉生夢死 $40000，因劇院收費方式為（播映+場地+特殊播放格式+播放師）合併計算，故合併報帳，12500為此科目費用。
電影節開幕場《五星級魚干女》$27000",,,,,,,,,,,,,,,,,,,,
,,論壇講師費,9600,1.9737288466638844E-2,4800,0.5,"臺大電影節閉幕場講師費用 1600元*2位
神祕場《十日性愛死》映後座談講師費$1600",,,,,,,,,,,,,,,,,,,,
,,實體宣傳品,81000,0.16653337143726524,71100,0.87777777777777777,"A2海報100張=1800、明信片酷卡1000張1500*3組=4500、A5手冊3000本=55000
電影節海報輸出$1800
布偶裝熊麻吉1000、小小兵1000次、杯麵2000各2次=8000",,,,,,,,,,,,,,,,,,,,
,,設計費,10000,2.0559675486082129E-2,10000,1,電影節主視覺設計、海報手冊酷卡排版10000元。,,,,,,,,,,,,,,,,,,,,
,,影展場地佈置費,5000,1.0279837743041064E-2,0,0,使用既有素材佈置。,,,,,,,,,,,,,,,,,,,,
,,行銷活動費,15000,3.0839513229123192E-2,11303,0.75353333333333339,"電影節活動抽獎獎品$1600
電影節Facebook粉絲專頁活動、片單推廣，收據為241+7166+1294+299",,,,,,,,,,,,,,,,,,,,
,,影評工作坊費,13000,2.6727578131906765E-2,9600,0.7384615384615385,講師費用1600*2小時*3位,,,,,,,,,,,,,,,,,,,,
,,特殊人力及器材費,30000,6.1679026458246383E-2,30000,1,"2場DCP格式電影，必須請專門播映師之價格（15,000 /場*2）
片名 : 十日性愛死 $40000，因劇院收費方式為（播映+場地+特殊播放格式）合併計算，故合併報帳，15000為此科目費用。
片名 : 醉生夢死 $40000，因劇院收費方式為（播映+場地+特殊播放格式+播放師）合併計算，故合併報帳，15000為此科目費用。",,,,,,,,,,,,,,,,,,,,
,,神秘場包場費,30000,6.1679026458246383E-2,25000,0.83333333333333337,"與電影公司及影城三方合作，推出回饋學生之神秘特映場，並且邀請影人到場進行座談
片名 : 十日性愛死 $40000，因劇院收費方式為（播映+場地+特殊播放格式）合併計算，故合併報帳，此科目費用為12500，
片名 : 醉生夢死 $40000，因劇院收費方式為（播映+場地+特殊播放格式+播放師）合併計算，故合併報帳，此科目費用為12500。",,,,,,,,,,,,,,,,,,,,
,,音響燈控設備費,0,0,,,向燈音組租借設備費用。,,,,,,,,,,,,,,,,,,,,
,,雜支,3000,6.167902645824638E-3,3000,1,"回饋單影印1645
影評工作坊課堂手冊(黑白46份*9=414，彩色試印1份*21=21)+工作人員餐費，午餐，吉坤便當(90*7)+作人員餐費，晚餐，原味便當(100*7)=1765
電影節回饋單$200+轉接頭、DVD-R光碟一片$1059
閉幕場《一首搖滾上月球》映後座談講者停車費》$150*3
雜支超支，動用預備金2119",,,,,,,,,,,,,,,,,,,,
,小計,,334600,0.68792674176430801,271203,0.81052898983861332,,,,,,,,,,,,,,,,,,,,,
,預備金,,21609,4.4427402757874872E-2,2119,9.8060993104724881E-2,雜支超支2119元,,,,,,,,,,,,,,,,,,,,
,104-1預算支出總計,,486389,1,348297,0.71608732927759466,,,,,,,,,,,,,,,,,,,,,
,支出總計,,486389,1,348297,0.71608732927759466,,,,,,,,,,,,,,,,,,,,,
,八、公關部,,,,,,,,,,,,,,,,,,,,,,,,,,
,期間收入,,,,,,,,,,,,,,,,,,,,,,,,,,
,期入科目,收入來源,預算金額(元),百分比(%),決算金額,執行率(%),備註說明,,,,,,,,,,,,,,,,,,,,
,校慶紀念品,販售收入,400000,1,202056,0.50514000000000003,"雨中緩行款 96*299
典雅總圖款168*299
簡約IP款 180*299
深夜校史館 154*450",,,,,,,,,,,,,,,,,,,,
,104-1收入總計,,400000,1,202056,0.50514000000000003,,,,,,,,,,,,,,,,,,,,,
,103-2預算展延,,,,,,,,,,,,,,,,,,,,,,,,,,
,期出科目,摘要,預算金額(元),百分比(%),決算金額,執行率(%),備註說明,,,,,,,,,,,,,,,,,,,,
,業務費用,公關費,15000,4.1528239202657809E-2,0,0,"因103-2學生會期末公關禮品於6月27日送出，於第八次定期大會之後，故依據預算法第35條提出展延
 預計暑假將支出350元小禮*10組+卡片印製78*30張=5,840元
 【展延金額15,000元】",,,,,,,,,,,,,,,,,,,,
,103-2預算展延支出總計,,15000,4.1528239202657809E-2,,,,,,,,,,,,,,,,,,,,,,,
,期間支出,,,,,,,,,,,,,,,,,,,,,,,,,,
,期出科目,摘要,預算金額(元),百分比(%),決算金額,執行率(%),備註說明,,,,,,,,,,,,,,,,,,,,
,業務費用,聯絡費,5000,1.3842746400885935E-2,5000,1,維持公關部運作常態性支出,,,,,,,,,,,,,,,,,,,,
,,影印費,1000,2.7685492801771874E-3,0,0,使用秘書部購買之印表機列印合約、企劃書等。活動目前尚未完成，尚需購買所需物品，於第八次定期大會之後，故依據預算法第35條提出展延【展延金額1000元】,,,,,,,,,,,,,,,,,,,,
,,公關費,15000,4.1528239202657809E-2,2457,0.1638,"公關費：以成本價購買學生會手機殼贈送，成本2,340稅117 總共 2,457",,,,,,,,,,,,,,,,,,,,
,,部內公關訓練費,4000,1.1074197120708749E-2,2000,0.5,講師費：2000元*1位,,,,,,,,,,,,,,,,,,,,
,,印刷費,1000,2.7685492801771874E-3,0,0,本學期並未使用紙本公關函。,,,,,,,,,,,,,,,,,,,,
,,郵資,1000,2.7685492801771874E-3,0,0,本學期郵資費用並未報帳。,,,,,,,,,,,,,,,,,,,,
,,雜項購置,200,5.5370985603543741E-4,0,0,活動目前尚未完成，尚需購買所需物品，於第八次定期大會之後，故依據預算法第35條提出展延【展延金額200元】,,,,,,,,,,,,,,,,,,,,
,小計,,27200,7.5304540420819494E-2,9457,0.34768382352941174,,,,,,,,,,,,,,,,,,,,,
,學生會會卡,宣傳獎品,15000,4.1528239202657809E-2,13080,0.872,用於購買抽獎贈品，耳機1250+行動充395*3+餐卷590*15+拍立得1795,,,,,,,,,,,,,,,,,,,,
,,海報、酷卡,0,0,,,廠商贊助,,,,,,,,,,,,,,,,,,,,
,,宣傳費,2000,5.5370985603543747E-3,0,0,廠商贊助,,,,,,,,,,,,,,,,,,,,
,小計,,17000,4.706533776301218E-2,13080,0.76941176470588235,,,,,,,,,,,,,,,,,,,,,
,校慶紀念品,設計費,4000,1.1074197120708749E-2,4000,1,手機殼設計費用4000元,,,,,,,,,,,,,,,,,,,,
,,製作費,275000,0.76135105204872644,109011,0.39640363636363635,"含手機殼印刷費及包裝費275元。附加決議：關於公關部校慶紀念品製作費，其運用方式須與外務委員會協議後，始得支用。
成本費：103,820 稅 5,191 總共109,011",,,,,,,,,,,,,,,,,,,,
,,紀念品授權金,20000,5.537098560354374E-2,0,0,"以5%計算
 售價預計400（個）
 收入：400*1000=400,000，因總務處經管組尚未結算應支付金額，於第八次定期大會之後，故依據預算法第35條提出展延【展延金額20,000元】
 權利金：
 400,000*0.05=20,000，關於公關部校慶紀念品製作費，其運用方式須與外務委員會協議後，始得支用。",,,,,,,,,,,,,,,,,,,,
,小計,,299000,0.82779623477297892,113011,0.37796321070234112,,,,,,,,,,,,,,,,,,,,,
,民主列車,車票印刷,0,0,,,酷可贊助,,,,,,,,,,,,,,,,,,,,
,,海報、酷卡,0,0,,,酷可贊助,,,,,,,,,,,,,,,,,,,,
,,宣傳費,2000,5.5370985603543747E-3,1050,0.52500000000000002,宣傳品印刷共1050元,,,,,,,,,,,,,,,,,,,,
,小計,,2000,5.5370985603543747E-3,1050,0.52500000000000002,,,,,,,,,,,,,,,,,,,,,
,預備金,,1000,2.7685492801771874E-3,0,0,,,,,,,,,,,,,,,,,,,,,
,104-1預算支出總計,,346200,0.9584717607973422,136598,0.39456383593298672,,,,,,,,,,,,,,,,,,,,,
,104-1支出總計,,361200,1,136598,0.39456383593298672,,,,,,,,,,,,,,,,,,,,,
,九、財務部,,,,,,,,,,,,,,,,,,,,,,,,,,
,期間收入,,,,,,,,,,,,,,,,,,,,,,,,,,
,期入科目,收入來源,預算金額(元),百分比(%),決算金額,執行率(%),備註說明,,,,,,,,,,,,,,,,,,,,
,利息收入,郵局、中國信託利息,1872,,1872,1,,,,,,,,,,,,,,,,,,,,,
,104-1收入總計,,1872,,1872,1,,,,,,,,,,,,,,,,,,,,,
,期間支出,,,,,,,,,,,,,,,,,,,,,,,,,,
,期出科目,摘要,預算金額(元),百分比(%),決算金額,執行率(%),備註說明,,,,,,,,,,,,,,,,,,,,
,業務支出,聯絡費,2000,0.426,2000,1,,,,,,,,,,,,,,,,,,,,,
,,手續費,1500,0.319,800,0.53333333333333333,"本學期共進行跨行匯款25次，外加存摺更名工本費共
25*30+50=800，因寒假仍有匯款需求，故依據預算法第35條提出展延【展延金額150元】
",,,,,,,,,,,,,,,,,,,,
,,影印費,1000,0.213,0,0,,,,,,,,,,,,,,,,,,,,,
,小計,,4500,0.957,2800,0.62222222222222223,,,,,,,,,,,,,,,,,,,,,
,預備金,,200,0.042553,0,0,,,,,,,,,,,,,,,,,,,,,
,104-1預算支出總計,,4700,1.000,2800,0.5957446808510638,,,,,,,,,,,,,,,,,,,,,
,104-1支出總計,,4700,1.000,2800,0.5957446808510638,,,,,,,,,,,,,,,,,,,,,
,十、法制部,,,,,,,,,,,,,,,,,,,,,,,,,,
,期間收入,,,,,,,,,,,,,,,,,,,,,,,,,,
,期入科目,收入來源,預算金額(元),百分比(%),決算金額,執行率(%),備註說明,,,,,,,,,,,,,,,,,,,,
,,,0,,,,,,,,,,,,,,,,,,,,,,,,
,104-1收入總計,,0,,,,,,,,,,,,,,,,,,,,,,,,
,期間支出,,,,,,,,,,,,,,,,,,,,,,,,,,
,期出科目,摘要,預算金額(元),百分比(%),決算金額,執行率(%),備註說明,,,,,,,,,,,,,,,,,,,,
,業務支出,聯絡費,4000,0.94674556213017746,4000,1,,,,,,,,,,,,,,,,,,,,,
,,影印費,150,3.5502958579881658E-2,0,0,本學期並未使用影印費。,,,,,,,,,,,,,,,,,,,,
,小計,,4150,0.98224852071005919,4000,0.96385542168674698,,,,,,,,,,,,,,,,,,,,,
,預備金,,75,1.7751479289940829E-2,0,0,,,,,,,,,,,,,,,,,,,,,
,104-1預算支出總計,,4225,1,4000,  ,,,,,,,,,,,,,,,,,,,,,
,104-1支出總計,,4225,1,4000,0.94674556213017746,,,,,,,,,,,,,,,,,,,,,
,十一、選舉罷免執行委員會,,,,,,,,,,,,,,,,,,,,,,,,,,
,104-1預算,,,,,,,,,,,,,,,,,,,,,,,,,,
,期間收入,,,,,,,,,,,,,,,,,,,,,,,,,,
,期入科目,收入來源,預算金額(元),百分比(%),決算金額,執行率(%),備註說明,,,,,,,,,,,,,,,,,,,,
,學校補助,課活組補助收入,50000,,50000,0,,,,,,,,,,,,,,,,,,,,,
,104-1收入總計,,50000,,0,0,,,,,,,,,,,,,,,,,,,,,
,期間支出,,,,,,,,,,,,,,,,,,,,,,,,,,
,期出科目,摘要,預算金額,百分比(%),決算金額,執行率(%),備註說明,,,,,,,,,,,,,,,,,,,,
,業務支出,聯絡費,4500,1.7064522856980339E-2,4500,1,日常聯絡幹部、廠商、校方、校外單位及維持部門常態性運作,,,,,,,,,,,,,,,,,,,,
,,例會茶水費,1200,4.5505394285280899E-3,1164,0.97,例會茶水費 1164 = 飲料805、雞排330、紙杯29 ,,,,,,,,,,,,,,,,,,,,
,,臨時會議場地費,400,1.5168464761760301E-3,0,0,並未臨時借用場地。,,,,,,,,,,,,,,,,,,,,
,,雜支,1000,3.7921161904400751E-3,548,0.54800000000000004,印章1個*60元＋影印費用488元 ,,,,,,,,,,,,,,,,,,,,
,小計,,7100,2.6924024952124533E-2,6212,0.87492957746478872,,,,,,,,,,,,,,,,,,,,,
,選舉行銷,,,,,,,,,,,,,,,,,,,,,,,,,,
,期出科目,摘要,預算金額(元),百分比(%),決算金額,執行率(%),備註說明,,,,,,,,,,,,,,,,,,,,
,電子投票研討會,茶點費,2300,8.7218672380121719E-3,2297,0.9986956521739131,KFC全家餐549，拿坡里披薩1748，共2297 ,,,,,,,,,,,,,,,,,,,,
,,場地費,200,7.5842323808801505E-4,0,0,與學生會其他場地共用，並未支出場地費。,,,,,,,,,,,,,,,,,,,,
,電子投票交流演講會,茶點費,1000,3.7921161904400751E-3,0,0,本學期並未舉行演講會。,,,,,,,,,,,,,,,,,,,,
,,場地費,620,2.3511120380728463E-3,0,0,本學期並未舉行演講會。,,,,,,,,,,,,,,,,,,,,
,,演講費,6000,2.275269714264045E-2,0,0,本學期並未舉行演講會。,,,,,,,,,,,,,,,,,,,,
,宣傳活動,宣傳設計費,5000,1.8960580952200375E-2,5000,1,宣傳活動宣傳設計費5000元,,,,,,,,,,,,,,,,,,,,
,,分享活動獎品,14250,5.4037655713771067E-2,14150,0.99298245614035086,【二常擱置】iPad mini 8900；秀泰影城電影票210*25=5250,,,,,,,,,,,,,,,,,,,,
,,宣傳品製作費,6500,2.464875523786049E-2,6500,1,筆6.5元*1000個=6500元,,,,,,,,,,,,,,,,,,,,
,,FB廣告,1800,6.8258091427921353E-3,1152,0.64,共進行13次行銷，金額總共為256+208+200+200+100+60+56+50+7+6+3+3+3=1152,,,,,,,,,,,,,,,,,,,,
,,宣傳品印刷費,6500,2.464875523786049E-2,6500,1,選舉系列活動宣傳海報A2 500份：2000元；選舉報報(候選人、政見、票點宣傳、電子投票介面簡介、投票方式簡介)A5雙面騎馬釘或A2：2頁*200份=400張，印刷費+運費=4000；酷卡500張：500元(含運費),,,,,,,,,,,,,,,,,,,,
,小計,,44170,0.16749777213173811,35599,0.80595426760244515,,,,,,,,,,,,,,,,,,,,,
,選舉辦理,,,,,,,,,,,,,,,,,,,,,,,,,,
,期出科目,摘要,預算金額(元),百分比(%),決算金額,執行率(%),備註說明,,,,,,,,,,,,,,,,,,,,
,政見發表會,場地,1000,3.7921161904400751E-3,760,0.76,(新生教學館中教室場地費200設備費180)380元*2場,,,,,,,,,,,,,,,,,,,,
,,餐費,2300,8.7218672380121719E-3,2270,0.9869565217391304,飲料96、飲料64、雞排330、麥當勞1024、麥當勞756 ,,,,,,,,,,,,,,,,,,,,
,選務人員講習,工讀金,11925,4.5220985570997893E-2,10575,0.8867924528301887,"早班(13人)+晚班(13人)+全天班(11人)+選務中心選務(5人)+候補選務(5人)=47人
47(人)*225(元/人)=10575",,,,,,,,,,,,,,,,,,,,
,,資料印製,600,2.2752697142640449E-3,600,1,選務人員工作手冊、保密協定同意書、保證金契約、檢核評分單影印,,,,,,,,,,,,,,,,,,,,
,,場地,600,2.2752697142640449E-3,600,1,(新生教學館場地費100設備費100)200元*3場,,,,,,,,,,,,,,,,,,,,
,投票所設置,文書用具,480,1.8202157714112361E-3,480,1,膠帶46、牛皮紙信封45、足勇小剪刀57、繩子37、網路線56、萬用貼144、絕緣膠帶44、筆75=504，超出部分由選委會自行吸收,,,,,,,,,,,,,,,,,,,,
,,投票所設備搬運工讀金,4000,1.51684647617603E-2,4000,1,搬運及架設投票亭、搬運桌椅：5人*200元/小時*4小時,,,,,,,,,,,,,,,,,,,,
,,資訊設備搬運交通費,1380,5.2331203428073033E-3,1225,0.8876811594202898,六趟計程車費共170+170+170+255+230+230=1225,,,,,,,,,,,,,,,,,,,,
,,選務中心前置誤餐費,880,3.3370622475872662E-3,858,0.97499999999999998,麥當勞、義大利麵餐點費用共858元,,,,,,,,,,,,,,,,,,,,
,,票所設備費及運費,7455,2.8270226199730759E-2,7455,1,帳篷2頂+12個票點的桌椅(各票點桌椅組數從原有的一組提升成為兩組，共20組)運送＋運回運費=7455,,,,,,,,,,,,,,,,,,,,
,,新版遮圍設計與製作,18270,6.9281962799340166E-2,18270,1,環保材質遮圍開模6000元 厚度5mm製作40個 285(單價)*40(個)=11400 17400*1.05=18270,,,,,,,,,,,,,,,,,,,,
,投票當日作業,顧票員工讀金,43200,0.16381941942701125,42375,0.98090277777777779,"早班13人*750(元/人)=9750元
晚班13人*1050(元/人)=13650元
全天班11人*1725(元/人)=18975元",,,,,,,,,,,,,,,,,,,,
,,選務工讀生工讀金,11625,4.408335071386587E-2,11625,1,"選舉當日臨時狀況處理（5人*11.5小時*時薪150元）+
 駐點工程師(全天)1500元*2=3000元",,,,,,,,,,,,,,,,,,,,
,,誤餐費,6400,2.4269543618816482E-2,6400,1,選務人員（顧票員）48人(1餐)+工讀生5人(2餐)+選委會9人(2餐)+駐點工程師2人(2餐)；80元/人,,,,,,,,,,,,,,,,,,,,
,,投票方式示意版,1200,4.5505394285280899E-3,1175,0.97916666666666663,標誌牌12個製作費用1175,,,,,,,,,,,,,,,,,,,,
,,資料印製,300,1.1376348571320225E-3,300,1,工讀金簽收單、道具清點單、選務人員簽到單、特殊狀況記錄表,,,,,,,,,,,,,,,,,,,,
,回饋問卷,問卷印製費,750,2.8440871428300563E-3,750,1,2500(份)*0.5(每張二份)*0.6(元),,,,,,,,,,,,,,,,,,,,
,回饋禮品,獎品,5250,1.9908609999810395E-2,5250,1,"秀泰影城電影票210*25=5250
",,,,,,,,,,,,,,,,,,,,
,小計,,117615,0.44600974573860941,114968,0.97749436721506611,,,,,,,,,,,,,,,,,,,,,
,電子投票,,,,,,,,,,,,,,,,,,,,,,,,,,
,系統開發與維護,投票系統維運及開發,30000,0.11376348571320226,30000,1,"人事費用：開發：每小時250元、每日4小時、20日計NT$ 20,000、維運 NT$ 10,000",,,,,,,,,,,,,,,,,,,,
,,加開伺服器,2700,1.0238713714188203E-2,2700,1,"加開伺服器成本（一單位一天150元計算）--測試期間：5天*1單位，共NT$ 750；投票日：1天*12單位NT$1,800；研討會1天*1單位NT$150，總計NT$2,700",,,,,,,,,,,,,,,,,,,,
,,身分驗證系統維運,20000,7.5842323808801501E-2,20000,1,"調整維運時間二十天計算方式：驗收日前15天、驗收日後5天。
人事費用：每小時250元、每日4小時、20日計NT$ 20,000",,,,,,,,,,,,,,,,,,,,
,硬體設備,平板電腦,25620,9.7154016799074719E-2,18270,0.71311475409836067,平板電腦單台一天租金300 (300*1台*4天+54台*1天)*1.05=18270,,,,,,,,,,,,,,,,,,,,
,,無線網路設備租賃,4000,1.51684647617603E-2,4000,1,AP與相關線材20組*200元,,,,,,,,,,,,,,,,,,,,
,小計,,82320,0.31216700479702697,74970,0.9107142857142857,,,,,,,,,,,,,,,,,,,,,
,預備金,,12500,4.740145238050094E-2,0,0,,,,,,,,,,,,,,,,,,,,,
,104-1預算支出總計,,263705,1,231749,0.878819135018297,,,,,,,,,,,,,,,,,,,,,
,104-1支出總計,,263705,1,231749,0.878819135018297,,,,,,,,,,,,,,,,,,,,,
,二、立法部門細項,,,,,,,,,,,,,,,,,,,,,,,,,,
,學生代表大會,,,,,,,,,,,,,,,,,,,,,,,,,,
,期間收入,,,,,,,,,,,,,,,,,,,,,,,,,,
,期入科目,收入來源,預算金額(元),百分比(%),決算金額,執行率(%),備註說明,,,,,,,,,,,,,,,,,,,,
,前期餘額,前期餘額,59096,0.17915262047389227,59096,1,"103-2展延款項金額145,000，扣除至20150928所實際支出金額85904之帳戶餘額。
",,,,,,,,,,,,,,,,,,,,
,小計,,59096,0.17915262047389227,59096,1,,,,,,,,,,,,,,,,,,,,,
,經常收入,104-1學校通常補助,20000,6.0631047947032717E-2,17672,0.88360000000000005,"104-1會期定期大會校方補助實際額度為18,000，實際申報會議記錄製作費16,708（含2%保費328元），加上影印費1,292，實際獲得補助款為17,672。",,,,,,,,,,,,,,,,,,,,
,,會費撥入,190560,0.57769262483932771,190560,1,行政部門會費撥入款項。,,,,,,,,,,,,,,,,,,,,
,小計,,210560,0.63832367278636049,208232,0.98894376899696046,,,,,,,,,,,,,,,,,,,,,
,增加收入,利息,208,5.9999999999999995E-4,208,1,,,,,,,,,,,,,,,,,,,,,
,,學代會網站退款,60000,0.18340000000000001,60000,1,,,,,,,,,,,,,,,,,,,,,
,小計,,60208,0.1825237067397473,60208,1,,,,,,,,,,,,,,,,,,,,,
,104-1收入總計,,329864,1,327536,0.99294254601896537,,,,,,,,,,,,,,,,,,,,,
,期間支出,,,,,,,,,,,,,,,,,,,,,,,,,,
,103-2預算展延,,,,,,,,,,,,,,,,,,,,,,,,,,
,期出科目,摘要,預算金額(元),百分比(%),決算金額,執行率(%),備註說明,,,,,,,,,,,,,,,,,,,,
,應付款項,會議紀錄製作費,37800,0.1126475146024556,32300,0.85449735449735453,"103-2執行15,300，104-1執行17,000，總執行金額32,300。",,,,,,,,,,,,,,,,,,,,
,,大會誤餐費,62400,0.18595780188341876,33000,0.52884615384615385,"80/人，學生代表出席402人次，共32,160元；秘書列席40人次，共3,200元，預計發出35,360，103-2執行33,000，104-1執行0，總執行金額33,000。
",,,,,,,,,,,,,,,,,,,,
,,委員會茶水費,33400,9.9535105495291459E-2,10120,0.30299401197604792,"40/人，學生代表出席248人次，共9,920元；秘書列席49人次，共1,960元，預計發出11880，103-2執行9,920，104-1執行200，總執行金額10,120。",,,,,,,,,,,,,,,,,,,,
,,法規彙編,3400,1.0132316128263201E-2,3400,1,"編印103學年度第2會期法規彙編；每本170元，共20本。分送各學生代表、行政部門、學生法院及本校各單位，預計支出3,400，103-2執行0，104-1執行3400，總執行金額3,400。",,,,,,,,,,,,,,,,,,,,
,,幹部訓練,8000,2.3840743831207534E-2,7084,0.88549999999999995," 暑假104-1會期新任學代培力課程，預計支出8,000，103-2執行0，104-1執行7,084，總執行金額7,084。",,,,,,,,,,,,,,,,,,,,
,小計,,145000,0.43211348194063653,85904,0.5924413793103448,,,,,,,,,,,,,,,,,,,,,
,103-2展延預算總計,,145000,0.43211348194063653,85904,0.5924413793103448,,,,,,,,,,,,,,,,,,,,,
,104-1預算,,,,,,,,,,,,,,,,,,,,,,,,,,
,業務費用,聯絡費,6000,1.7880557873405652E-2,6000,1,議長3000元，秘書處3000元。,,,,,,,,,,,,,,,,,,,,
,,法規彙編校對費,1250,3.7251162236261771E-3,0,0,估計約250頁，一頁5元，於寒假執行。,,,,,,,,,,,,,,,,,,,,
,,文書影印費,1500,4.4701394683514129E-3,283,0.18866666666666668,秘書處各項文件及公文，大會各項資料影印。,,,,,,,,,,,,,,,,,,,,
,,辦公室設備及維護費,1500,4.4701394683514129E-3,701,0.46733333333333332,行政工作所需之各項文具或設備，如紙筆、文具夾、印台、隨身碟、電池等等。,,,,,,,,,,,,,,,,,,,,
,,定期大會場地費,4900,1.4602455596614614E-2,4040,0.82448979591836735,借用活大以外教室場地費與場地設備費，以新生大樓教室借用費預估之。大教室620元、中教室380元，暫定共借用11次，前者估3次後者估8次。預備會議、八次常會與第一次特別大會共租借10次，1次大教室、9次中教室，共4040。,,,,,,,,,,,,,,,,,,,,
,,會議記錄製作費,46200,0.13768029562522352,16380,0.35454545454545455,"逐字稿製作每小時1200元（每分鐘20元），預備會議至第四次定期大會共819分鐘為已執行部分，為16380元。第五到七次定期大會與第一次特別大會共730分鐘，加上第八次定期大會預計300分鐘，共1,030分鐘，預計再執行20,600元，預計總執行金額為36,980。",,"預備會議125，第一次定期大會150
第二次定期大會300，第三次定期大會150
第四次定期大會94，第五次定期大會220
第一次特別大會66，第六次定期大會224
第七次定期大會220，第八次定期大會300
預計共1849分鐘",,,,,,,,,,,,,,,,,,
,,大會誤餐費,69520,0.20717606389319346,12880,0.1852704257767549, 80元/人，截至第七次定期大會，已執行161人次，累計出席人次為373，預計再執行16960與第八次定期大會部分。,,"學生代表出席紀錄
https://goo.gl/ChShCJ
秘書處出席紀錄
https://goo.gl/XQrZ8r",,,,,,,,,,,,,,,,,,
,,委員會茶水費,24000,7.1522231493622607E-2,4320,0.18,"40元/人，截至第七次紀律委員會，已執行108人次，累計出席人次為252，預計再執行5,760與第三次及第四次財務活動聯席委員會與第三次外務委員會部分。",,,,,,,,,,,,,,,,,,,,
,,法規彙編影印費,15300,4.5595422577184408E-2,1720,0.11241830065359477,"104-1會期之初補印10份提供學代索取，每本印製費172元，已執行1,720。寒假將印製104-1法規彙編印送學代會、行政部門及法院，並分送學校各級處室，另加留存建檔用，預計印製75本。",,"已執行單據
https://goo.gl/tsuuJc",,,,,,,,,,,,,,,,,,
,,幹部訓練,8000,2.3840743831207534E-2,0,0,寒假104-2新任學代培力營(於104-2會期執行)。,,,,,,,,,,,,,,,,,,,,
,,證書製作費,1760,5.2449636428656575E-3,620,0.35227272727272729, 一份10.5，26位卸任學代、20位委員會主席副主席、13位秘書，共59份。,,,,,,,,,,,,,,,,,,,,
,小計,,179930,0.5362081296936464,46944,0.26090146167954203,,,,,,,,,,,,,,,,,,,,,
,預備金,,8000,2.3840743831207534E-2,0,0,,,,,,,,,,,,,,,,,,,,,
,104-1預算支出總計,,187930,0.560048873524854,46944,0.24979513648698984,,,,,,,,,,,,,,,,,,,,,
,學生自治組織運作股,影印費,300,8.9402789367028256E-4,0,0,訪談前籌備會議及訪談所需資料之影印費。,,,,,,,,,,,,,,,,,,,,
,,茶水費,1600,4.7681487662415067E-3,1560,0.97499999999999998,一次訪談預計有兩位訪員、一位速記員、一位受訪者，共4位，一位進行一次訪談之茶水費為40元，預計總共進行10次訪談。,,,,,,,,,,,,,,,,,,,,
,校園議題研討股,聯絡費,300,8.9402789367028256E-4,300,1,與校內社團、校方行政聯絡洽談所需費用。,,,,,,,,,,,,,,,,,,,,
,資訊傳播股,聯絡費,300,8.9402789367028256E-4,300,1,校園網路設備建置前期詢問、溝通，顧問與臺大計算機中心、電信商、系統整合商所需聯絡費用。,,,,,,,,,,,,,,,,,,,,
,小計,,2500,7.4502324472523543E-3,2160,0.86399999999999999,,,,,,,,,,,,,,,,,,,,,
,預備金,,130,3.8741208725712244E-4,0,0,,,,,,,,,,,,,,,,,,,,,
,追加預算支出總計,,2630,7.8376445345094761E-3,2160,0.82129277566539927,,,,,,,,,,,,,,,,,,,,,
,104-1支出總計,,335560,1,135008,0.40233639289545836,,,,,,,,,,,,,,,,,,,,,
,三、司法部門細項,,,,,,,,,,,,,,,,,,,,,,,,,,
,學生法院,,,,,,,,,,,,,,,,,,,,,,,,,,
,期間收入,,,,,,,,,,,,,,,,,,,,,,,,,,
,期入科目,收入來源,預算金額(元),百分比(%),決算金額,執行率(%),備註說明,,,,,,,,,,,,,,,,,,,,
,,,0,,0,0,,,,,,,,,,,,,,,,,,,,,
,104-1收入總計,,0,,0,0,,,,,,,,,,,,,,,,,,,,,
,104-1預算,,,,,,,,,,,,,,,,,,,,,,,,,,
,期入科目,收入來源,預算金額(元),百分比(%),決算金額,執行率(%),備註說明,,,,,,,,,,,,,,,,,,,,
,業務支出,聯絡費,1500,8.2290980908492434E-2,1500,1,,,,,,,,,,,,,,,,,,,,,
,,影印費,1000,5.4860653938994954E-2,100,0.1,聲字第一號第一次評議庭卷宗影印費,,,,,,,,,,,,,,,,,,,,
,,誤餐費,5760,0.31599736668861095,2720,0.47222222222222221,"下級庭(四人*80元*5次)+上級庭(六人*80元*5次)+解釋庭(十一人*80元*2次)
仲字第一號第二次言辯庭4人*80元、聲字第二號第一次評議庭9人*80元、聲字第二號第一次言辯庭10人*80元、上訴字第一號第一次言辯庭6人*80元、上訴字第一號第一次評議庭5人*80元",,,,,,,,,,,,,,,,,,,,
,,書記官筆錄繕打費,3600,0.19749835418038184,1200,0.33333333333333331,"每次開庭之筆錄300元，預計十二次
仲字第一號第二次言辯庭、聲字第二號第一次評議庭、聲字第二號第一次言辯庭、上訴字第一號第一次言辯庭",,,,,,,,,,,,,,,,,,,,
,,鑑定費,1500,8.2290980908492434E-2,0,0,囑託個人或團體鑑定，依鑑定複雜程度按件酌給,,,,,,,,,,,,,,,,,,,,
,,證人與鑑定人出庭補助費,4000,0.21944261575597981,0,0,每次行政庭400元，每人補助200元，預估兩人，開十次。,,,,,,,,,,,,,,,,,,,,
,小計,,17360,0.95238095238095233,5520,0.31797235023041476,,,,,,,,,,,,,,,,,,,,,
,預備金,,868,4.7619047619047616E-2,0,0,學生法院LOGO設計費 【八常刪除決算800元】,,,,,,,,,,,,,,,,,,,,
,104-1預算支出總計,,18228,1,5520,0.30283080974325216,,,,,,,,,,,,,,,,,,,,,
,104-1支出總計,,18228,1,5520,0.30283080974325216,,,,,,,,,,,,,,,,,,,,,
