LEVEL1,LEVEL2,LEVEL3,TOOLTIP,SOURCE,SOURCE URL,2008,2009,2010,2011,2012,2013,2014,2015,2016,2017,2018,LEVEL
會長,業務支出,聯絡費,,,,,,,,,,,6000,,,,3
會長,,特支費,,,,,,,,,,,3000,,,,3
會長,,影印費,,,,,,,,,,,150,,,,3
會長,,業務支出 Total,,,,,,,,,,,9150,,,,2
會長,預備金,預備金,,,,,,,,,,,450,,,,3
會長,,預備金 Total,,,,,,,,,,,450,,,,2
會長,好國好民青年政策論壇,場地租借費,"〖本預算將於暑假支出，因此全數展延〗
博雅101／102／203／205／312／圓桌區
（包含冷氣、投影設備及人事管理費)",,,,,,,,,,88750,,,,3
會長,,場地佈置費,"〖本預算將於暑假支出，因此全數展延〗
關東旗5面X200元=1,000元；大型帆布輸出1面3,000元；活動合成版4000元；Truss架出租2天含架設與拆除12,000元",,,,,,,,,,20000,,,,3
會長,,論壇印刷品輸出,"〖本預算將於暑假支出，因此全數展延〗
手冊500本X30元=15,000；名牌460個X1元=460元；活動參與證書400人X10元=4,000元；一般文件列印1,000元。",,,,,,,,,,20460,,,,3
會長,,工作人員服裝,"〖本預算將於暑假支出，因此全數展延〗
印製活動紀念工作服，180元X60人=10,800元",,,,,,,,,,10800,,,,3
會長,,論壇識別證,"〖本預算將於暑假支出，因此全數展延〗
工作人員60名、青年400名Ｘ15元=6,900元",,,,,,,,,,6900,,,,3
會長,,論壇餐點,"〖本預算將於暑假支出，因此全數展延〗
460人X100元X2天=92,000元",,,,,,,,,,92000,,,,3
會長,,主筆工作費用,"〖本預算將於暑假支出，因此全數展延〗
議題4個X25,000元=100,000元",,,,,,,,,,100000,,,,3
會長,,與談講師費,"〖本預算將於暑假支出，因此全數展延〗
1,600元X主線議題4個X講者各2名=12,800元",,,,,,,,,,12800,,,,3
會長,,與談講師車馬費,"〖本預算將於暑假支出，因此全數展延〗
遇外縣市講者實報實銷，每人補助上限500元",,,,,,,,,,4000,,,,3
會長,,現場三機轉播,"〖本預算將於暑假支出，因此全數展延〗
與臺灣藝術大學廣播電視學系合作，含兩台事務攝影機、線材、6名技術人員事前彩排及當天轉播，並於事後提供完整記錄光碟。",,,,,,,,,,21680,,,,3
會長,,交流酒會樂團,"〖本預算將於暑假支出，因此全數展延〗
預計請弦人樂團跟929（或黃玠、蕭賀碩等都在計畫邀約名單中）",,,,,,,,,,12000,,,,3
會長,,交流酒會茶點,"〖本預算將於暑假支出，因此全數展延〗
每人含飲料60元X400人（廠商預計Papago)",,,,,,,,,,24000,,,,3
會長,,交流酒會廚師表演,"〖本預算將於暑假支出，因此全數展延〗
食材費用50元X400人=20,000",,,,,,,,,,20000,,,,3
會長,,網站架設,"〖本預算將於暑假支出，因此全數展延〗
去除廣告、可使用個人化網域、3GB免費雲端儲存空間、2GB免費加大頻寬。單月$10.95美元，匯率以30.5計，每月約334元。以活動6月底開始計，網站預計上線約2個月。334元x2月＝668元。",,,,,,,,,,668,,,,3
會長,,活動形象設計費,"〖本預算將於暑假支出，因此全數展延〗
設計活動logo、海報、酷卡及各項輸出等",,,,,,,,,,5000,,,,3
會長,,臉書宣傳費,"〖本預算將於暑假支出，因此全數展延〗
預計下廣告6則X每則600元＝3,600元",,,,,,,,,,3600,,,,3
會長,,宣傳品印刷,"〖本預算將於暑假支出，因此全數展延〗
酷卡款一2000張X0.9元＝1,800元；酷卡款二500張X1.2元＝600元",,,,,,,,,,2400,,,,3
會長,,好厝好鄰展覽佈置,"〖本預算將於暑假支出，因此全數展延〗
木材購買7,000+傢具搬運10,000+家具購買20,000+場地收拾費用10,000+雜支3,000",,,,,,,,,,50000,,,,3
會長,,好農好食,"〖本預算將於暑假支出，因此全數展延〗
食材費用9,000X3場=27,000",,,,,,,,,,27000,,,,3
會長,,拍立得宣傳活動,"〖本預算將於暑假支出，因此全數展延〗
4場X每場100張X每張20元＝8,000元",,,,,,,,,,8000,,,,3
會長,,新聞採訪茶水費,"〖本預算將於暑假支出，因此全數展延〗
訪問主筆、編輯團隊時之茶水費用",,,,,,,,,,1000,,,,3
會長,,好國好民青年政策論壇 Total,,,,,,,,,,,531058,,,,2
會長 Total,,,,,,,,,,,,,540658,,,,1
秘書部,業務費用,本會簡介宣傳資料製作費,未動支,,,,,,,,,,7000,,,,3
秘書部,,信封製作費,未動支,,,,,,,,,,5000,,,,3
秘書部,,網站維護費,"學生會網站網域續約費2月份，2月28.16美金，匯率以30元計，四捨五入進位845元
【28.16*30=844.8=845】",,,,,,,,,,1000,,,,3
秘書部,,業務費用 Total,,,,,,,,,,,13000,,,,2
秘書部,102-2春季培力,餐費,"補認列102-2暑期支出了13,440
訂購便當單價80元，共75個，共6,000元；
購買紅茶綠茶15L各一桶，共630元；
訂購晴光紅豆餅10元，每人2個，共70人，共1400元。
【13,440+6,000+630+1,400=21,470】",,,,,,,,,,24000,,,,3
秘書部,,102-2春季培力 Total,,,,,,,,,,,24000,,,,2
秘書部,期末培力,餐費,"期末培力：每人補助80元，100人出席
【80*100=8,000】",,,,,,,,,,8000,,,,3
秘書部,,培力手冊,"因103-1提出之預算尚未執行完畢，因103-2學生會期末培力於6月27日辦理，於第八次定期大會之後，故依據預算法第35條提出展延
【展延金額4,458元】",,,,,,,,,,4458,,,,3
秘書部,,期末培力 Total,,,,,,,,,,,12458,,,,2
秘書部,春季招募,場地費,"2/25 新生教室租借費200元、設備費180元，共1場，共380元
春季招募面試博雅教室租借費100元，共2場，共200元
共580元
【380+200=580】",,,,,,,,,,3000,,,,3
秘書部,,文宣品,"文宣60張彩色輸出，單張5元，共300元
【60*5=300】",,,,,,,,,,2000,,,,3
秘書部,,茶點費,"摩巴頂級軟餅(白)109元、摩巴頂級軟餅(雙)109元、榛果醬餅218元、起司餅78元
【109+109+218+78=514】",,,,,,,,,,1000,,,,3
秘書部,,雜支,"訂製學生會方章及社團章各一，單價皆為250元
【250*2=500】",,,,,,,,,,500,,,,3
秘書部,,春季招募 Total,,,,,,,,,,,6500,,,,2
秘書部,春季培力,場地費,因有借用到第二學生活動中心605教室，第二學生活動中心免場地費故無支出,,,,,,,,,,2400,,,,3
秘書部,,文宣品,"購置培力當天文宣、道具製作費，共1,101元；
印製培力相關文書資料（動線、報到、流程、遊戲文件等）共370元
【1,101+370=1,471】",,,,,,,,,,2000,,,,3
秘書部,,講師費,"邀請李勝隆教授演講，講師費1600元/小時，共1.5小時，共2400元
【1,600*1.5=2,400】",,,,,,,,,,4800,,,,3
秘書部,,春季培力 Total,,,,,,,,,,,9200,,,,2
秘書部,業務支出,文書影印費,"影印會辦建檔文件、印製會議相關文書資料，共123元；
會議資料複印，共56元；
印製會議相關文件，共114元。
【123+56+114=293】",,,,,,,,,,500,,,,3
秘書部,,識別證,"製作識別證，單價21元，100條計2100元，含稅105元，共2205元
【21*100*1.05=2,205】",,,,,,,,,,2205,,,,3
秘書部,,網域續約費用,"學生會網站網域續約費3月至4月份：
3月37.32美金，4月35.38美金。共72,7美金，匯率以30元計，共2181元
【(37.32+35.38)*30=2,181】
由於103-2中五、六、七三個月份並未於決算前報帳，故提出展延。
【展延金額為：7,000-2,181=4,819元】",,,,,,,,,,7000,,,,3
秘書部,,AP分享器,"購買會辦空間使用之Ap分享器一個：
【2,000】",,,,,,,,,,2000,,,,3
秘書部,,文具費,"購買會辦編列會產用標籤貼紙，共27元；
訂製學生會社團章一顆250元，共250元。
【27+250=277】",,,,,,,,,,500,,,,3
秘書部,,行政會議茶水費,"6月1日行政會議茶水費，共595元；
購買可樂8瓶，單價40元，共320元。
【595+320=915】",,,,,,,,,,3200,,,,3
秘書部,,耗材添購,"延長線229元；
10吋工業桌扇549元；
電腦擴充插座149元；
環保塑膠袋2元。
【229+549+149+2=929】",,,,,,,,,,2000,,,,3
秘書部,,臉書宣傳費用,"新聞部宣傳花火校園粉專貼文442+472+119+7=1,040，共1,040元；
活動部宣傳春季紀念品286+14=300，共300元；
活動部宣傳金頭腦活動150+150=300，共300元；
文化部宣傳光合作用活動587+613=1,200，共1,200元；
秘書部推廣臉書貼文189+166+439=794，共794元；
新聞部臉書宣傳貼文數則914+86=1000，共1,000元；
秘書部統籌推廣臉書貼文100，共100元；
文化部宣傳音樂節活動140+600+816+382=1,938，共1,938元；
選委會臉書粉絲專頁貼文推廣共7則，共731元。
【1,040+300+300+1,200+794+1,000+100+1,938+731=7,403】",,,,,,,,,,12000,,,,3
秘書部,,聯絡費,日常連絡幹部、校內各單位等，及維持部內運作等支出,,,,,,,,,,4000,,,,3
秘書部,,宣傳性海報,"三、四、五月份主題海報，單價87元，20張，三個月份，共5,220元
【87*20*3=5,220】",,,,,,,,,,5220,,,,3
秘書部,,會議場地租借費,"＃2/24~4/20 各部部會及行政會議開會場地費及設備費【共6,680元】：
博雅教室場地費100元，博雅教室設備費100元，博雅教室場地費4,300元，博雅教室設備費1,500元，新生大樓教室400元，新生教室設備費280元，共6,680元。
＃4/27~6/15各部會開會場地租借費【共10,580元】：
新生大樓教室2,800元，博雅教室場地費5,500元，博雅教室設備費1,100元，新生教室設備費180元，新生教室設備費900元，博雅教室設備費100元，共10,580元。
【6,680+10,580=17,260】",,,,,,,,,,25200,,,,3
秘書部,,業務支出 Total,,,,,,,,,,,63825,,,,2
秘書部,期末培力,餐費,"因103-2學生會期末培力於6月27日辦理，於第八次定期大會之後
故依據預算法第35條提出展延
【展延金額8,000元】",,,,,,,,,,8000,,,,3
秘書部,,期末培力 Total,,,,,,,,,,,8000,,,,2
秘書部,預備金,預備金,,,,,,,,,,,3500,,,,3
秘書部,,預備金 Total,,,,,,,,,,,3500,,,,2
秘書部 Total,,,,,,,,,,,,,127483,,,,1
新聞部,臺大時代劇評,劇評者費用,"每篇1,600元，共3+2+2+2+8+1=18篇，共28,800元
【1,600*18=28,800】",,,,,,,,,,44800,,,,3
新聞部,,報名獎勵金,"每組1,000元，共7組，共7,000元
【1,000*7=7,000】",,,,,,,,,,7000,,,,3
新聞部,,臺大時代劇評 Total,,,,,,,,,,,51800,,,,2
新聞部,業務支出,聯絡費,,,,,,,,,,,4000,,,,3
新聞部,,公關費,"飲品140*3杯=420元
飲品160*1 + 200*1=360元
受訪者餐點480元
支援活動PA餐費307元
受訪者餐飲550元
合計共2,117元
【420+360+480+307+550=2,117】",,,,,,,,,,3000,,,,3
新聞部,,業務支出 Total,,,,,,,,,,,7000,,,,2
新聞部,《花火時代》雜誌,《花火時代》第二十一期印刷費,"一本52頁，發行1000本，共42,000元。細項請見估價單。
【42,000】",,,,,,,,,,42000,,,,3
新聞部,,《花火時代》第二十二期印刷費,"一本52頁，發行1000本，共42,000元。細項請見估價單。
【42,000】",,,,,,,,,,42000,,,,3
新聞部,,《花火時代》第二十三期印刷費,"一本52頁，發行1000本，共42,000元。細項請見估價單。
【42,000】",,,,,,,,,,42000,,,,3
新聞部,,《花火時代》第21期、第 22期問卷填答贈獎費,"《花火時代》雜誌─第21期、第 22期問卷填答贈獎費-抽獎用品誠品禮券，共1000元
【1,000*1=1,000】",,,,,,,,,,1000,,,,3
新聞部,,交換生專欄稿費,"交換生專欄稿費每篇600元，共3篇，共1,800元
【600*3=1,800】",,,,,,,,,,1800,,,,3
新聞部,,雜支,"「花火背包客」文具支出141+191+111=443，共443元；
「花火背包客」文具支出222+249=471，共471元；
合計共914元
【443+471=914】",,,,,,,,,,1000,,,,3
新聞部,,《花火時代》雜誌 Total,,,,,,,,,,,129800,,,,2
新聞部,花火校園網站媒體平台,專欄作家稿費 I——駱以軍、楊索、林達陽、王溢嘉、李茂生 ,"每篇3,000元，共5篇（李茂生*2＋駱以軍*1＋王溢嘉*1＋林達陽*1），共15,000元
【3,000*5=15,000】",,,,,,,,,,15000,,,,3
新聞部,,專欄作家稿費 II——詹佳鑫、王立柔、張經宏、潘雅琪、黃榮毅,"學生稿費每篇800元，共5篇（詹佳鑫*1+王立柔*1+張經宏*1+潘雅琪*1+黃榮毅*1），共4,000元
【800*5=4,000】",,,,,,,,,,4000,,,,3
新聞部,,徵文／徵圖稿費,"每篇 600 元，共10篇，共6,000元
【600*10=6,000】",,,,,,,,,,9000,,,,3
新聞部,,社團特稿稿費,"每篇 600 元，共5篇，共3,000元
【600*5=3,000】",,,,,,,,,,6000,,,,3
新聞部,,專欄作家文章抽獎費用,"光點華山年度套票200 *10張、半熟巧克力蛋糕230 *10份，共4,300元
【200*10+230*10=4,300】",,,,,,,,,,5000,,,,3
新聞部,,校園街訪企畫雜支,"電池86 *2 包，素描本 40* 2 本，共252元
【86*2+40*2=252】 ",,,,,,,,,,500,,,,3
新聞部,,雜支,未動支,,,,,,,,,,500,,,,3
新聞部,,花火校園網站媒體平台 Total,,,,,,,,,,,40000,,,,2
新聞部,花火校園大講堂,講師費,"講師費每小時1,600，共1位，1小時，共1,600元
【1,600*1*1=1,600】",,,,,,,,,,1600,,,,3
新聞部,,場地費,"新生大樓教室租借費用200元，新生大樓教室設備租借費180元，每場共380元，合計1場，共380元
【(200+180)*1=380】
因講者於活動前夕特殊需求要有冷氣的場地，故另覓場地，但本項支出無法退費。",,,,,,,,,,700,,,,3
新聞部,,雜支,,,,,,,,,,,500,,,,3
新聞部,,花火校園大講堂 Total,,,,,,,,,,,2800,,,,2
新聞部,預備金,預備金,,,,,,,,,,,8900,,,,3
新聞部,,預備金 Total,,,,,,,,,,,8900,,,,2
新聞部 Total,,,,,,,,,,,,,240300,,,,1
活動部,台政聖誕聯合舞會,政大學生會應分配盈餘,"依售票比例(472/1410)
總盈餘$61,978*(472/1410)=20,747.245",,,,,,,,,,20747,,,,3
活動部,,台政聖誕聯合舞會 Total,,,,,,,,,,,20747,,,,2
活動部,業務支出,聯絡費,日常連絡幹部、廠商與校外單位等，及維持部內運作等支出,,,,,,,,,,3500,,,,3
活動部,,文具費,"文件桿29元；
泡棉膠、扣帶90元；
雙面膠、瓦楞紙、美術紙838元；
共957元
【29+90+838=957】",,,,,,,,,,1000,,,,3
活動部,,影印費,"文件影印51元
影印費用82元
共133元
【51+82=133】",,,,,,,,,,200,,,,3
活動部,,業務支出 Total,,,,,,,,,,,4700,,,,2
活動部,資本支出,專用麥克風,Shure SLX-BETA 58 兩組(包含無線麥克風及接收器),,,,,,,,,,33000,,,,3
活動部,,無線對講機,"無線對講機(包含主機及耳機)每組990元（含稅），共10組，共9,900元",,,,,,,,,,9900,,,,3
活動部,,設備維護,"現有線材維修用1,850元；
現有器材維修用3,150元；
維修X32第九軌及第十軌的滑軌4,200元；
共9,200元
【1,850+3,150+4,200=9,200】",,,,,,,,,,10000,,,,3
活動部,,活動部臺大知識王,"電子材料620元（原活動道具改列資本支出）
電子顯示器1180元（原活動道具改列資本支出）
按鈕燈1477元（原活動道具改列資本支出）
電料控制盒9349元（原活動道具改列資本支出）
共12,626元
【620+1,180+1,477+9,349=12,626】",,,,,,,,,,,,,,3
活動部,,資本支出 Total,,,,,,,,,,,52900,,,,2
活動部,春季紀念品,短T製作費用,"［原金額為497,100元，減列後為163,233元］
每件230元，共667件，加入稅金5%。打樣費折扣為1596元，
共161,637
【230*667*1.05+1,596=161,637】",,,,,,,,,,163233,,,,3
活動部,,束口袋製作費用,"［原金額為47,100元，減列後為19,056元］
每個84元，共209個+打樣費$1,500，共19,056元
【84*209+1,500=19,056】",,,,,,,,,,19056,,,,3
活動部,,權利金支出,"［原金額為34,011元，減列後為11,361元］
依支付給總務處經營管理組紀念品權利金(收入$227,228*0.05)計算
因結案流程尚在總務處經營管理組進行，預計於6/29當周結案支付；
故依照預算法35條展延
【展延金額11,361元】",,,,,,,,,,11361,,,,3
活動部,,其他雜項支出,"春季紀念品包裝用塑膠袋735元（含稅）
影印費用190元
共925元
【735+190=925】",,,,,,,,,,1000,,,,3
活動部,,春季紀念品 Total,,,,,,,,,,,194650,,,,2
活動部,臺大知識王,場地布置,"硬體設施租賃218,348（含稅）
超出部分由預備金支付【218,348-210,000=8,348】",,,,,,,,,,210000,,,,3
活動部,,活動器材,"硬體設施租賃49,487（含稅）
活動螢幕租借費用13,000
共62,487元
超出部分由預備金支付【62,487-60,000=2,487】",,,,,,,,,,60000,,,,3
活動部,,活動道具,"作答翻牌道具、骰盅(大小為60*7)1個、骰盅(大小為50*7)1個，997元；
翻牌道具輸出919元
包裝販賣商品塑膠袋和束帶204元
手牌道具306元
透明識別袋800元
道具製作用紙品2770元
印刷費用440元
美術紙400元
植物造景448元
董事長桌食物49元
董事長區糖果30元
共7,363元
【997+919+204+306+800+2,770+440
+400+448+49+30=7,363】",,,,,,,,,,20000,,,,3
活動部,,門票製作,"門票製作之印刷費用1,350元
門票製作之印刷費用1,280元
共2,630元
【1,350+1,280=2,630】",,,,,,,,,,4000,,,,3
活動部,,宣傳費用,"宣傳品影印費1,800元
宣傳用大圖輸出1,050元
現場拍照帆布1,890元
活動現場公關輸出品2,358元
共7,098元
【1,800+1,050+1,890+2,358=4,740】",,,,,,,,,,7712,,,,3
活動部,,活動餐點與飲料,"商店販售之樂事、王子麵227元
洪瑞珍三明治3,135元
商店區販賣食物5,634元
冰塊1,000元
共9,996元
【227+3,135+5,634+1,000=9,996】",,,,,,,,,,10000,,,,3
活動部,,攝影費(人事費),"活動當日攝影師人事費用
【4,200】",,,,,,,,,,4200,,,,3
活動部,,場地清理費,未動支,,,,,,,,,,8000,,,,3
活動部,,獎品費,"拼圖720元
運動桌獎品籃球600元
電影桌獎品DVD658元
得獎支票輸出1701元
活動手環製作費4,148元
共7,827元
【720+600+658+1,701+4,148=7,827】",,,,,,,,,,20000,,,,3
活動部,,其他雜項支出,"財神爺發放紅包袋56元
雙面膠66元
鐵線、烙鐵233元
電池400元
影印費用627元
網路one day pass 525元
掛布240元
瓦楞紙598元
泡棉、塑膠板237元
珍珠板288元
雙面膠、泡棉膠796元
報紙20元
紙杯231元
布紋膠帶72元
雙面膠57元
膠帶57元
檔案輸出290元
道具製作文具186元
共4,979元
【56+66+233+400+627+525+240+598+237+288+
796+20+231+72+57+57+290+186=4,979】",,,,,,,,,,5000,,,,3
活動部,,臺大知識王 Total,,,,,,,,,,,348912,,,,2
活動部,預備金,預備金,"場地佈置：8,348
活動器材：2,487
共為10,835
【8,348+2,487=10,835】",,,,,,,,,,44000,,,,3
活動部,,預備金 Total,,,,,,,,,,,44000,,,,2
活動部 Total,,,,,,,,,,,,,645162,,,,1
學術部,業務費用,影印費,未動支。原定與師大學生會、校史館合作辦理四六事件相關活動，但活動形式及時間無法配合，合作破局，故未辦理。,,,,,,,,,,1000,,,,3
學術部,,業務費用 Total,,,,,,,,,,,1000,,,,2
學術部,業務支出,聯絡費,維持學術部運作常態性支出,,,,,,,,,,3000,,,,3
學術部,,影印費,"校空工作坊性別友善廁所資料110元
時話食說影印費(文宣) 28元
共138元
【110+28=138】",,,,,,,,,,4000,,,,3
學術部,,業務支出 Total,,,,,,,,,,,7000,,,,2
學術部,性別友善空間,講師費,"4/9【性別X解放】講座台灣同志諮詢熱線 蔡瑩芝老師
4/30講者「空間X解放」畢恆達老師
5/7殷寶寧老師
每場每位1,600元，每場1位，共3場，共4,800元
【1,600*1*3=4,800】",,,,,,,,,,6400,,,,3
學術部,,場地費,未動支。第一場場地使用普通教室，經費由性平會支出；後兩場場地使用社會系教室，免場地費。,,,,,,,,,,1080,,,,3
學術部,,宣傳費,"性別友善廁所講座海報/酷卡
共2,667元
【2,667】",,,,,,,,,,2877,,,,3
學術部,,性別友善空間 Total,,,,,,,,,,,10357,,,,2
學術部,性愛相談室,講師費,保健中心負擔,,,,,,,,,,0,,,,3
學術部,,場地費,保健中心負擔,,,,,,,,,,0,,,,3
學術部,,宣傳費,保健中心負擔,,,,,,,,,,0,,,,3
學術部,,獎品費,保健中心負擔,,,,,,,,,,0,,,,3
學術部,,性愛相談室 Total,,,,,,,,,,,0,,,,2
學術部,彩虹臺大講座,講師費,"每場1,200，共2場(5/1,5/7)，共2,400元
【1,200*2=2,400】",,,,,,,,,,2400,,,,3
學術部,,場地費,未動支。與校內社團Gay Chat合作，該社團未在時限內繳交場地費支出單據，因此協調後由該社團自行支出場地費。,,,,,,,,,,540,,,,3
學術部,,宣傳費,"海報印刷200張共5,360元
乘上稅金後總共為5,628元
【5,360*1.05=5,628】
超出部分由預備金支付【5,628-2,877=2,751】",,,,,,,,,,2877,,,,3
學術部,,彩虹臺大講座 Total,,,,,,,,,,,5277,,,,2
學術部,517反恐同日,場地佈置費,"木夾40*5=200元
底片190*6=1,140元
麥可筆30*2=60元
布置用具、人體彩繪、氣球等(三張發票93+117+137)=347元
螢光棒330元
共2,077元
【200+1,140+60+347+330=2,077】",,,,,,,,,,2950,,,,3
學術部,,紀念品製作費,"紀念品費用5,905元
乘上稅金後為6,200元
【5,905*1.05=6,200.25】
超出部分由預備金支付：【6,200-6,000=200】",,,,,,,,,,6000,,,,3
學術部,,宣傳費,未動支。此筆宣傳費已併入彩虹臺大宣傳費。,,,,,,,,,,1200,,,,3
學術部,,517反恐同日 Total,,,,,,,,,,,4150,,,,2
學術部,6月翻轉性別月,場地佈置費,"尼龍繩球20*2=40元
美工刀15*1=15元
共55元
【40+15=55】",,,,,,,,,,2500,,,,3
學術部,,6月翻轉性別月 Total,,,,,,,,,,,2500,,,,2
學術部,業務費用,食材費,"太陽餅一盒 448元
鹹水雞300、飲料126，共426元
泰式春捲每份60元，共4份＝240元
泰式奶茶40元*6杯=240元
仙草汁50元*9杯=450元
共1,804元
【448+426+240+240+450=1,804】
超出部分由預備金支付：【1,804-1,800=4】",,,,,,,,,,1800,,,,3
學術部,,業務費用 Total,,,,,,,,,,,1800,,,,2
學術部,博雅深夜食堂,講師費,"5/5講座兩位講者吳叡人、葉虹靈
5/21 鄭南榕基金會董事 曹欽榮
06/09講師社會所林傳凱學長
每場每人1,600元，共3場，
第一場2位講者，第二場1位講者，第三場1位講者
共6,400元。
另有三位講者：葉菊蘭、吳密察、楊維哲未收取講師費。
【1,600*2+1,600+1,600=6,400】",,,,,,,,,,9600,,,,3
學術部,,餐點費,"牙籤兩組、紙杯四組共182元
龍潭豆花35元*45份共1,575元
獵果鋪冰藍鵲茶、紅玉紅茶8L各一桶，每桶500元，共1,000元
水源市場旁雞蛋糕25元*32份=800元
純喫茶20*4 瓶*九折=72 元
蜜地瓜每份30元，共40份＝1200元
純喫茶103元
共4,932元
【182+1,575+1,000+800+72+1,200+103=4,932】",,,,,,,,,,6000,,,,3
學術部,,場地費,"5/21博雅圓桌區晚間使用
5/28博雅圓桌區晚間使用
6/4博雅圓桌區晚間使用
每次1,900元，共三次，共5,700元
【1,900*3=5,700】",,,,,,,,,,5700,,,,3
學術部,,影印費,"文宣影印費32元
議題紙本資料影印48元
文宣品影印91元
活動議題資料影印90元
議題懶人包彙整100元
回饋單42元
共403元
【32+48+91+90+100+42=403】
超出部分由預備金支付：【403-270=133】",,,,,,,,,,270,,,,3
學術部,,宣傳費,"海報印刷1,050元
固定海報用黑板磁鐵24*2 膠帶28*1＝76元
教學用磁鐵12*3=36元
共1,162元
【1,050+76+36=1,162】",,,,,,,,,,2877,,,,3
學術部,,博雅深夜食堂 Total,,,,,,,,,,,12477,,,,2
學術部,前線面對面,導覽費,未動支。因參觀地點鄭南榕基金會、景美人權園區均有提供導覽服務，故不需要收取導覽費用。,,,,,,,,,,3200,,,,3
學術部,,前線面對面 Total,,,,,,,,,,,3200,,,,2
學術部,透可臺大,場佈費,"紙張及膠帶93元
壁報紙12*2+紙膠帶*1= 29，共53元
共146元
【93+53=146】",,,,,,,,,,800,,,,3
學術部,,耗材費,未動支,,,,,,,,,,200,,,,3
學術部,,透可臺大 Total,,,,,,,,,,,1000,,,,2
學術部,業務費用,影印費,"《跨境之聲》第三期印刷，一份六頁，共印刷300份。印刷費2,280
【2,280】",,,,,,,,,,2400,,,,3
學術部,,業務費用 Total,,,,,,,,,,,2400,,,,2
學術部,預備金,預備金,"彩虹台大海報印刷超出部分：2,751
517反恐同日紀念品之作費超出部分：200
時話食說食材費超出部分：4
博雅深夜食堂影印費超出部分：133
共3,088元
【2,751+200+4+133=3,088】",,,,,,,,,,3700,,,,3
學術部,,預備金 Total,,,,,,,,,,,3700,,,,2
學術部 Total,,,,,,,,,,,,,54861,,,,1
福利部,業務支出,聯絡費,日常聯絡幹部、廠商、校方、校外單位及維持部門常態性運作,,,,,,,,,,4000,,,,3
福利部,,影印費,"性別友善廁所議題推廣傳單，共印300份
【350】",,,,,,,,,,350,,,,3
福利部,,業務支出 Total,,,,,,,,,,,4350,,,,2
福利部,預備金,預備金,,,,,,,,,,,200,,,,3
福利部,,預備金 Total,,,,,,,,,,,200,,,,2
福利部 Total,,,,,,,,,,,,,4550,,,,1
文化部,業務支出,聯絡費用,與音樂廠商、市集廠商、電影廠商大量聯絡之通話費用,,,,,,,,,,4000,,,,3
文化部,,業務支出 Total,,,,,,,,,,,4000,,,,2
文化部,活大藝廊,器材,由活大補助全額補助,,,,,,,,,,0,,,,3
文化部,,宣傳品,由活大補助全額補助,,,,,,,,,,0,,,,3
文化部,,場地佈置,由活大補助全額補助,,,,,,,,,,0,,,,3
文化部,,活大藝廊 Total,,,,,,,,,,,0,,,,3
文化部,光合作用音樂演出,宣傳費,由活大補助全額補助,,,,,,,,,,0,,,,3
文化部,,光合作用音樂演出 Total,,,,,,,,,,,0,,,,2
文化部,臺大電影節夏日回饋場,電影版權費,"「第四公民」公播版權費15,750元
「愛琳娜」版權費 0元
「幾乎，是革命」版權費 0元
（後面兩部因為直接和電影團隊合作放映，故沒有額外花費）
【15,750】",,,,,,,,,,36000,,,,3
文化部,,論壇講師費,"第四公民映後1位講師
幾乎是，革命映後1位講師
每場每位1,600元，共2場，共3,200元
【1,600*2=3,200】",,,,,,,,,,3200,,,,3
文化部,,實體宣傳品,未動支,,,,,,,,,,900,,,,3
文化部,,雜支,"垃圾袋一捲85元
【85】",,,,,,,,,,900,,,,3
文化部,,臺大電影節夏日回饋場 Total,,,,,,,,,,,41000,,,,2
文化部,台克尼克野餐市集,活動器材,投影機、喇叭、擴大機、瓦燈、無線麥克風、發電機,,,,,,,,,,46500,,,,3
文化部,,舞台結構,鐵架幕、布幕架設,,,,,,,,,,21500,,,,3
文化部,,攤位費用,"1頂帳篷600元，共15頂，共9,000元
【600*15=9,000】",,,,,,,,,,9000,,,,3
文化部,,實體宣傳品費用,未動支,,,,,,,,,,2000,,,,3
文化部,,台克尼克野餐市集 Total,,,,,,,,,,,79000,,,,2
文化部,音樂節,燈光音響費用,"大舞台音響50,000元
大舞台燈光設備15,000元
小舞台音響42,000元
小舞台燈光設備15,000元
【50,000+15,000+42,000+15,000=122,000】",,,,,,,,,,122000,,,,3
文化部,,結構場地費用,"大舞台：
舞台搭建平台12,000元
背板輸出6,000元
Truss背板結構11,000元
小舞台：
舞台搭建9,000元
背板輸出5,000元
接龍帳7,000元
【12,000+6,000+11,000+9,000+5,000+7,000=50,000】",,,,,,,,,,50000,,,,3
文化部,,發電機,60K*1+25K*2,,,,,,,,,,24000,,,,3
文化部,,攤位帳篷,"每頂60元，共800頂 (整日含晚上照明）
【60*800=48,000】",,,,,,,,,,48000,,,,3
文化部,,樂團車馬費,"先知瑪莉：25,000元
那我懂你意思了：21,000元
LEO37+SOSS：10,000元
Hello Nico：8,000元
八十八顆芭樂籽：10,000元
濁水溪公社：8,000元
OVDS：10,000元
志樂：10,000元
TuT：6,000元
茄子蛋：6,000元
三十萬年老虎鉗：6,000元
共120,000元
【25,000+21,000+10,000+8,000+10,000+8,000+
10,000+10,000+6,000+6,000+6,000=120,000】",,,,,,,,,,120000,,,,3
文化部,,實體宣傳品印刷費用,"節目單2000張、海報150張，共4,200元
酷卡6000張，共8,800元
共13,000元
【4,200+8,800=13,000】",,,,,,,,,,13000,,,,3
文化部,,攝影,音樂節攝影費用,,,,,,,,,,9500,,,,3
文化部,,餐費,"便當每個70元，共25人，共2餐，共3,500元
【70*25*2=3,500】",,,,,,,,,,3500,,,,3
文化部,,紀念品費用,"［原為紀念運動毛巾 150元*500條，共75,000元，五常減列後為 0 元］",,,,,,,,,,0,,,,3
文化部,,雜支,"細流印刷費102元
大型垃圾袋一捲99元
垃圾袋一捲59元
奇異筆4支共36元
識別證影印費102元
攤位掛牌、腳標影印費3,402元
清運垃圾一車1,200元
共5,000元
【102+99+59+36+102+3,402+1,200=5,000】
音樂節雜支不足額由預備金支付：
垃圾車額外加趟(垃圾量超出預期)：1,800元
Wifi分享器(490元)X2台(為推廣贊助商app Koala chat，考量舊體網路訊號弱 租用於服務台使用)：980元
毛巾:47元X4條、56元X1條(確保音響器材安全)：244元
輕便雨衣12元X56件(因應大雨解決觀眾需求)：672元
冰塊20元X10包打96折為192元應稅金10元共(原使用之舊體製冰機不堪負荷、製作速度緩慢：202元
共3,898元
【1,800+980+244+672+202=3,898】",,,,,,,,,,5000,,,,3
文化部,,音樂節 Totla,,,,,,,,,,,395000,,,,2
文化部,預備金,預備金,"音樂節雜支不足額由預備金支付：
垃圾車額外加趟(垃圾量超出預期)：1,800元
Wifi分享器(490元)X2台(為推廣贊助商app Koala chat，考量舊體網路訊號弱 租用於服務台使用)：980元
毛巾:47元X4條、56元X1條(確保音響器材安全)：244元
輕便雨衣12元X56件(因應大雨解決觀眾需求)：672元
冰塊20元X10包打96折為192元應稅金10元共(原使用之舊體製冰機不堪負荷、製作速度緩慢：202元
共3,898元
【1,800+980+244+672+202=3,898】",,,,,,,,,,29700,,,,3
文化部,,預備金 Total,,,,,,,,,,,29700,,,,2
文化部 Total,,,,,,,,,,,,,548700,,,,1
公關部,下午茶護照,獎品費用,"交接時以為已支出6,000因此僅展延10,000-6,000=4,000，但實際上6,000並未認列，本筆需要全筆展延，補認列剩餘的6,000",,,,,,,,,,6000,,,,3
公關部,,下午茶護照 Total,,,,,,,,,,,6000,,,,2
公關部,業務費用,公關費,"因103-2學生會期末公關禮品於6月27日送出，於第八次定期大會之後，故依據預算法第35條提出展延
預計暑假將支出350元小禮*10組+卡片印製78*30張=5,840元
【展延金額15,000元】",,,,,,,,,,15000,,,,3
公關部,,業務費用 Total,,,,,,,,,,,15000,,,,2
公關部,計劃支出,紀念品授權金,校慶販售台大相關產品授權金,,,,,,,,,,10642,,,,3
公關部,,計劃支出 Total,,,,,,,,,,,10642,,,,2
公關部,業務支出,聯絡費,日常聯絡幹部、講師、校外單位費用；常態支出費用,,,,,,,,,,5000,,,,3
公關部,,公關費,"購買學校紀念明信片35元*3張一組*45組打88折為4,158元
【35*3*45*0.88=4,158】",,,,,,,,,,5000,,,,3
公關部,,影印費,未動支,,,,,,,,,,2000,,,,3
公關部,,業務支出 Total,,,,,,,,,,,12000,,,,2
公關部,部內培力,講師車馬費,"每人每場1,600元，共1人，共1場
【1,600*1*1=1,600】",,,,,,,,,,6400,,,,3
公關部,,茶點費,"PIZZA630元
兩瓶可樂39*2元=708元
【630+39*2=708】",,,,,,,,,,2000,,,,3
公關部,,部內培力 Total,,,,,,,,,,,8400,,,,2
公關部,臺大貼圖,獎品費,"前後避震變速車*1台*2800元
火箭筒*1對*80元
鎖*1個*100元
共2,980元
【2,800+80+100=2,980】",,,,,,,,,,3000,,,,3
公關部,,臺大貼圖 Total,,,,,,,,,,,3000,,,,2
公關部,預備金,預備金,,,,,,,,,,,1170,,,,3
公關部,,預備金 Total,,,,,,,,,,,1170,,,,2
公關部 Total,,,,,,,,,,,,,56212,,,,1
財務部,業務支出,聯絡費,日常聯絡幹部、廠商、校方、校外單位及維持部門常態性運作,,,,,,,,,,3000,,,,3
財務部,,手續費,"由學生會帳戶匯款至廠商帳戶時，所需之（跨行匯款）手續費用
每次對外匯款手續費30元，共有22次非中信帳戶匯款，手續費共660元
【30*22=660】",,,,,,,,,,1200,,,,3
財務部,,影印費,"個人所得收據影印115元
請款單影印費139+14+32=185元
共300元
【115+185=300】",,,,,,,,,,300,,,,3
財務部,,業務支出 Total,,,,,,,,,,,4500,,,,2
財務部,預備金,預備金,,,,,,,,,,,200,,,,3
財務部,,預備金 Total,,,,,,,,,,,200,,,,2
財務部 Total,,,,,,,,,,,,,4700,,,,1
法制部,業務支出,聯絡費,,,,,,,,,,,4000,,,,3
法制部,,業務支出 Total,,,,,,,,,,,4000,,,,2
法制部,預備金,預備金,,,,,,,,,,,75,,,,3
法制部,,預備金 Total,,,,,,,,,,,75,,,,2
法制部 Total,,,,,,,,,,,,,4075,,,,1
選舉罷免執行委員會,選舉工讀金,顧票員,"交接時以為完全無支出，因此僅展延整筆後支出為0，但實際上已於暑假全數支出並未認列，因此補認列49,500支出",,,,,,,,,,49500,,,,3
選舉罷免執行委員會,,選務工讀生,"交接時以為完全無支出，因此僅展延整筆後支出為0，但實際上已於暑假全數支出並未認列，因此補認列11,250支出",,,,,,,,,,11250,,,,3
選舉罷免執行委員會,,選舉工讀金 Total,,,,,,,,,,,60750,,,,2
選舉罷免執行委員會,業務支出,聯絡費,"日常聯絡幹部、廠商、校方、校外單位及維持部門常態性運作。
(500/人*選委9人)",,,,,,,,,,4500,,,,3
選舉罷免執行委員會,,例會茶水費,未動支,,,,,,,,,,1000,,,,3
選舉罷免執行委員會,,臨時會議場地費,"此場地費5/25為臨時借用場地
博雅教學館場地費100元/間 * 1間，共100元
【100*1=100】",,,,,,,,,,600,,,,3
選舉罷免執行委員會,,雜支,"隱形膠帶 61元*2卷，共122元
圖釘 27元*1盒，共27元
二聯式複寫收據13元*1本，共13元
延長線（選舉當日選務中心業務使用）114元*2條，共228元
共390元
【122+27+13+228=390】",,,,,,,,,,1000,,,,3
選舉罷免執行委員會,,業務支出 Total,,,,,,,,,,,7100,,,,2
選舉罷免執行委員會,選舉行銷,茶點費,"餐點：披薩4份、炸雞1桶，共1026元
茶水：飲料320元/桶 * 1桶，共320元
飲料20元*20杯、32元*1杯，共432元
共1,778元
【1,026+320+432=1,778】",,,,,,,,,,1900,,,,3
選舉罷免執行委員會,,場地費,"新生教學館小教室場地費100、設備費100，每場共200元，共1場
共200元
【(100+100)*1=200】",,,,,,,,,,200,,,,3
選舉罷免執行委員會,,獎品 ,"全家禮券2000元*9.75折，共1,950元
iPad mini 1台，7,900元
共9,850元
【1,950+7,900=9,850】",,,,,,,,,,9900,,,,3
選舉罷免執行委員會,,宣傳品製作,"票所標示牌：輸出費1,200元、修圖費60元，共1,260元
活動看板材料費51元
資料夾印製費1000個，共6,353元
共7,664元
【1,260+51+6,353=7,664】",,,,,,,,,,7700,,,,3
選舉罷免執行委員會,,氣球,"製版費800元
印刷費1,500元（1.5元/個 * 1,000個）
氣球棒700元（0.7元/支 * 1,000支）
營業稅150元
打氣機租借：210元/次 * 1次，共210元
共3,360元
【800+1,500+700+150+210=3,360】",,,,,,,,,,3400,,,,3
選舉罷免執行委員會,,宣傳設計費,"資料夾、票所標示排設計費：3,500元
選舉公報排版設計費750元
共4,250元
【3,500+750=4,250】",,,,,,,,,,5000,,,,3
選舉罷免執行委員會,,宣傳印刷費,"海報(A2)印刷費/100張，共1,800元
選舉報報200份，共2,828元
酷卡1.6元/張，共500張，共800元
共5,428元
【1,800+2,828+1.6*500=5,428】",,,,,,,,,,6700,,,,3
選舉罷免執行委員會,,選舉行銷 Total,,,,,,,,,,,34800,,,,2
選舉罷免執行委員會,選舉辦理,場地,"新生教學館中教室場地費200、設備費180，每場380元，
共3場，共1,140元
新生教學館大教室場地費400、設備費220，每場620元，
共1場，共620元
共1,760元
【1,140+620=1,760】",,,,,,,,,,1760,,,,3
選舉罷免執行委員會,,餐費,"飲料320元/桶*4桶，共1,280元
餐盤450元/盤*4盤，共1,800元
餐點400元/份*5份，共2,000元
披薩4份，共438元
飲料3瓶，共100元
共5,618元
【1,280+1,800+2,000+438+100=5,618】",,,,,,,,,,5750,,,,3
選舉罷免執行委員會,,工讀金  ,"150元/小時*1.5小時*45人次，共10,125元
【150*1.5*45=10,125】",,,,,,,,,,11925,,,,3
選舉罷免執行委員會,,資料印製,"選務人員工作手冊、保密協定同意書、檢核評分單等，共391元
【391】",,,,,,,,,,600,,,,3
選舉罷免執行委員會,,場地,"新生教學館小教室場地費100、設備費100，每場200元，
共4場，共800元
【(100+100)*4=800】",,,,,,,,,,800,,,,3
選舉罷免執行委員會,,文書用具,"白色信封2元*38個，共76元
牛皮紙帶4元*14個，共56元
剪刀19元*10把、18元*3把、共244元
共376元
【76+56+244=376】",,,,,,,,,,480,,,,3
選舉罷免執行委員會,,投票所設備搬運工讀金,"搬運及架設票所桌椅、圈票亭、線材設備等。
200元/小時*2小時*2人，共800元
200元/小時*4小時*1人，共800元
共1,600元
【200*2*2+200*4*1=1,600】",,,,,,,,,,1600,,,,3
選舉罷免執行委員會,,資訊設備搬運交通費,"計程車費145+130(搬運資訊設備往返城中校區及校總區2趟)，共275元
貨車租金900元(搬運資訊設備往返店家及臺大)，共900元
共1,175元
【145+130+900=1,175】",,,,,,,,,,1188,,,,3
選舉罷免執行委員會,,選務中心前置誤餐費,"選前一日於選務中心籌備選舉相關事宜。
便當每個80元，共11個，共880元。
【80*11=880】",,,,,,,,,,880,,,,3
選舉罷免執行委員會,,票所設備費及運費,"投票所帳篷、桌椅(含運送租金)4,600元
貨車租金1,710元(搬運遮圍及線路設備至各投票所)
共6,310元
 【4,600+1,710=6,310】",,,,,,,,,,6399,,,,3
選舉罷免執行委員會,,顧票員工讀金,"全天班：150元/小時*11.5小時*10人，共17,250元
上午班：150元/小時*5小時*14人，共10,500元
下午班：150元/小時*7小時*14人，14,700元
共42,450元
【150*11.5*10+150*5*14+150*7*14=42,450】",,,,,,,,,,43200,,,,3
選舉罷免執行委員會,,選務工讀生工讀金,"駐點工程師(投票系統工程師)選舉當日駐點費1,500元
駐點工程師(身份驗證系統工程師)選舉當日駐點費1,500元
選務中心待命人員：協助選舉當日行政作業、臨時狀況處理與票所人力支援。全天班：150元/小時*11.5小時*5人，共8625元
共11,625元
【1,500+1,500+150*11.5*5=11,625】",,,,,,,,,,11625,,,,3
選舉罷免執行委員會,,誤餐費,"晚餐誤餐費：80元*24人，共1,920元
午餐/晚餐便當：80元*49個，70元*8個，4,480元
共6,400元
【80*24+80*49+70*8=6,400】",,,,,,,,,,6400,,,,3
選舉罷免執行委員會,,資料印製,"工讀金簽收單、道具清點單、選務人員簽到單等，共146元
【146】",,,,,,,,,,200,,,,3
選舉罷免執行委員會,,問卷印製費,回饋問卷印製,,,,,,,,,,750,,,,3
選舉罷免執行委員會,,獎品 ,"隨身碟32G：399元
隨身碟64G：1,199元
行動硬碟64G：799元
共2,397元
【399+1,199+799=2,397】",,,,,,,,,,3000,,,,3
選舉罷免執行委員會,,選舉辦理 Total,,,,,,,,,,,96557,,,,2
選舉罷免執行委員會,電子投票,投票系統調整維運,"系統開發費用：250元/小時*4小時/日*20日，共20,000元
系統維運費用：10,000元
共30,000元
【250*4*20+10,000=30,000】",,,,,,,,,,30000,,,,3
選舉罷免執行委員會,,加開伺服器,"加開伺服器成本（一單位一天150元計算）
測試期間：5天*2單位，共1,500元
投票日：1天*12單位，共1,800元
共3,300元
【150*5*2+150*1*12=3,300】
超出部分由預備金支出：【3,300-1,800=1,500】",,,,,,,,,,1800,,,,3
選舉罷免執行委員會,,身份驗證系統更新暨後台設計,"身份驗證系統流程更新暨管理入口網站設計，含網路斷線容錯提升、自動疑難排解、選舉地圖等功能。
250元/小時*4小時/日*24日，共24,000元
【250*4*24=24,000】",,,,,,,,,,24000,,,,3
選舉罷免執行委員會,,系統大量防呆設計,"身份驗證NFC程式改版，含大量防呆與容錯更新
250元/小時*4小時/日*16日，共16,000元
【250*4*16=16,000】",,,,,,,,,,16000,,,,3
選舉罷免執行委員會,,Wildcard SSL 憑證（年）,"系統開發與維護-Wildcard SSL 憑證（年），共3,000元
【3,000】",,,,,,,,,,3000,,,,3
選舉罷免執行委員會,,平板電腦,"筆電(選舉)：租金200元*15台*1.05、運費300元*3箱*1.05、共4,095元
票亭平板(測試)：300元/臺*1臺*3天*1.05，共945元
票亭平板(選舉)：租金300元/臺*39臺*1.05 ，共12,285元
NFC(測試)：200元/臺*1臺*3天*1.05，共630元
NFC(選舉)：200元/臺*15臺*1.05，共3,150元
共21,105元
【200*15*1.05+300*3*1.05+300*3*1.05+300*39*1.05+
200*3*1.05+200*15*1.05=21,105】",,,,,,,,,,40950,,,,3
選舉罷免執行委員會,,無線網路設備租賃,"140元/組*20組，共2,800元
【140*20=2,800】",,,,,,,,,,2800,,,,3
選舉罷免執行委員會,,電子投票 Total,,,,,,,,,,,118550,,,,2
選舉罷免執行委員會,預備金,預備金,"加開伺服器超出部分：1,500",,,,,,,,,,12800,,,,3
選舉罷免執行委員會,,預備金 Total,,,,,,,,,,,12800,,,,2
選舉罷免執行委員會 Total,,,,,,,,,,,,,330557,,,,1
學生代表大會,應付款項,大會誤餐費與茶水費,已展延三會期，未執行款項將不再繼續展延,,,,,,,,,,36700,,,,3
學生代表大會,,聯絡費,,,,,,,,,,,8000,,,,3
學生代表大會,,應付款項 Total,,,,,,,,,,,44700,,,,2
學生代表大會,業務費用,會議記錄製作費,寒假發放完畢,,,,,,,,,,37800,,,,3
學生代表大會,,幹部訓練,新學期幹部訓練未花預算,,,,,,,,,,8000,,,,3
學生代表大會,,業務費用 Total,,,,,,,,,,,45800,,,,2
學生代表大會,103-1 特別預算,103-2法規彙編,培力營以電子檔法規彙編做為教材，未印製紙本,,,,,,,,,,11440,,,,3
學生代表大會,,非校總區學代車馬費,已發放完畢,,,,,,,,,,1620,,,,3
學生代表大會,,學代會網站架設費用,103-2期初已付款,,,,,,,,,,90000,,,,3
學生代表大會,,103-1 特別預算 Total,,,,,,,,,,,103060,,,,2
學生代表大會,業務費用,聯絡費,"議長3000元,秘書處3000元,秘書處運用此款項通知各委員會及常會",,,,,,,,,,6000,,,,3
學生代表大會,,法規彙編校對費,預計共5人，一人約5小時，一小時115元,,,,,,,,,,2875,,,,3
學生代表大會,,文書影印費,會辦墨水夾 ，黑色、紅色、黃色、藍色各一,,,,,,,,,,2000,,,,3
學生代表大會,,文具及設備費,名牌座40個,,,,,,,,,,1000,,,,3
學生代表大會,,名片製作費,本會期未製作名片,,,,,,,,,,10200,,,,3
學生代表大會,,會辦維護費,添購清潔用品（殺蟲劑、白板擦等）及維修網路線材之費用。,,,,,,,,,,500,,,,3
學生代表大會,,設備維護費,用以維持學代會既有設備（現有舊電腦、桌椅等）之費用。,,,,,,,,,,1000,,,,3
學生代表大會,,定期大會場地費,一常至八常場地費，場地費超額支出220元，預算執行率為106.11%超出100%，超額支出將列入預備金。,,,,,,,,,,3600,,,,3
學生代表大會,,會議記錄製作費,一常至八常及一特共9次常會，八常尚未結束，會議記錄工作尚未執行,,,,,,,,,,37800,,,,3
學生代表大會,,大會誤餐費,學代共計430人次，34400元；秘書共計40人次，3200元,,,,,,,,,,62400,,,,3
學生代表大會,,委員會茶水費,學代共計340人次，13840元；秘書共計49人次，1960元,,,,,,,,,,33400,,,,3
學生代表大會,,法規彙編,103-2會期法規彙編；每本印製費170元，印送學代會、行政部門及法院，並分送學校各級處室，另加留存建檔用，共計20本。由於法規尚未整理完畢，本筆預算將進行展延（於104-1會期執行）,,,,,,,,,,3400,,,,3
學生代表大會,,幹部訓練,暑假104-1新任學代培力營(於104-1會期執行)。,,,,,,,,,,8000,,,,3
學生代表大會,,證書製作費,一份約20元，共75位學代，13位秘書,,,,,,,,,,1760,,,,3
學生代表大會,,業務費用 Total,,,,,,,,,,,173935,,,,2
學生代表大會,預備金,預備金,法規修正公聽會，含場地費620元，影印費78元，茶水費230元第1次特別預算。以及定期大會超額220。,,,,,,,,,,9000,,,,3
學生代表大會,,預備金 Total,,,,,,,,,,,9000,,,,2
學生代表大會 Total,,,,,,,,,,,,,376495,,,,1
學生法院,業務支出,聯絡費,未動支,,,,,,,,,,1500,,,,3
學生法院,,影印費,,,,,,,,,,,2000,,,,3
學生法院,,誤餐費,,,,,,,,,,,9200,,,,3
學生法院,,書記官筆錄繕打費,,,,,,,,,,,12700,,,,3
學生法院,,鑑定費,,,,,,,,,,,3000,,,,3
學生法院,,證人與鑑定人出庭補助費,"證人出庭車馬費(三人)-104訴字第一號第二次準備庭，證人（洪崇晏、謝孟璇、邱丞正）之出庭車馬費
每人500元，共3人，共1,500元
【500*3=1,500】",,,,,,,,,,4000,,,,3
學生法院,,業務支出 Total,,,,,,,,,,,32400,,,,2
學生法院,預備金,預備金,未動支,,,,,,,,,,425,,,,3
學生法院,,預備金 Total,,,,,,,,,,,425,,,,2
學生法院 Total,,,,,,,,,,,,,32825,,,,1
APPROPRIATIONS TOTAL,,,,,,,,,,,,,2966578,,,,0
